Store,Date,Temperature,Fuel_Price,MarkDown1,MarkDown2,MarkDown3,MarkDown4,MarkDown5,CPI,Unemployment,IsHoliday,Month,Year,Week,Store_Type_Code,Lag_1_Week_Sales,Lag_2_Week_Sales,Rolling_3_Week_Avg,Rolling_5_Week_Avg
1,2011-11-11,59.11,3.297,10382.9,6115.67,215.07,2406.62,6551.42,217.9980849,7.866,False,11,2011,45,0,0,0,0,0
1,2011-02-12,48.91,3.172,5629.51,68.0,1398.11,2084.64,20475.32,218.7147333,7.866,False,2,2011,6,0,0,0,0,0
1,2011-09-12,43.93,3.158,4640.65,19.0,105.02,3639.42,14461.82,218.9618456,7.866,False,9,2011,37,0,0,0,0,0
1,2012-06-01,49.01,3.157,6277.39,21813.16,143.1,1450.13,8483.0,219.7142581,7.348,False,6,2012,22,0,0,0,0,0
1,2012-03-02,56.55,3.36,34577.06,3579.21,160.53,32403.87,5630.4,220.1720153,7.348,False,3,2012,9,0,0,0,0,0
1,2012-10-02,48.02,3.409,13925.06,6927.23,101.64,8471.88,6886.04,220.2651783,7.348,True,10,2012,40,0,0,0,0,0
1,2012-02-03,60.96,3.63,15441.4,1569.0,10.8,25390.88,8067.61,220.8480454,7.348,False,2,2012,5,0,0,0,0,0
1,2012-09-03,58.76,3.669,10331.04,151.88,6.0,671.43,5509.84,221.0591887,7.348,False,9,2012,36,0,0,0,0,0
1,2012-01-06,77.95,3.501,6086.21,12.0,370.51,148.75,3690.85,221.7472139,7.143,False,1,2012,1,0,0,0,0,0
1,2012-08-06,78.3,3.452,8813.81,116.8,64.55,2652.04,7161.91,221.7494839,7.143,False,8,2012,32,0,0,0,0,0
1,2012-06-07,81.57,3.227,12218.76,94.4,192.83,4066.01,6149.04,221.8837789,6.908,False,6,2012,23,0,0,0,0,0
1,2012-03-08,86.11,3.417,27584.78,119.98,30.23,12007.04,4661.71,221.9498642,6.908,False,3,2012,10,0,0,0,0,0
1,2012-10-08,85.05,3.494,11436.22,245.0,6.85,6964.26,4836.22,221.9584329,6.908,False,10,2012,41,0,0,0,0,0
1,2012-07-09,83.96,3.73,5204.68,35.74,50.94,4120.32,2737.17,222.4390153,6.908,True,7,2012,28,0,0,0,0,0
1,2012-02-11,55.32,3.386,6766.44,5147.7,50.82,3639.9,2737.42,223.4627793,6.573,False,2,2012,6,0,0,0,0,0
1,2012-09-11,61.24,3.314,11421.32,3370.89,40.28,4646.79,6154.16,223.4813073,6.573,False,9,2012,37,0,0,0,0,0
1,2013-04-01,41.73,3.161,1214.08,25366.33,15.01,72.36,3940.02,224.080983,6.525,False,4,2013,14,0,0,0,0,0
1,2013-11-01,50.32,3.243,6520.24,16134.6,12.17,774.55,4001.25,224.2015518,6.525,False,11,2013,44,0,0,0,0,0
1,2013-01-02,56.46,3.244,9290.91,1359.9,265.0,20657.82,972.61,224.2352903,6.525,False,1,2013,1,0,0,0,0,0
1,2013-08-02,56.67,3.417,32355.16,729.8,280.89,20426.61,4671.78,224.2350289,6.525,True,8,2013,31,0,0,0,0,0
1,2013-01-03,48.01,3.711,10610.74,261.46,2.8,25.54,2747.59,224.5645263,6.525,False,1,2013,1,0,0,0,0,0
1,2013-08-03,50.81,3.658,5000.58,290.46,78.77,606.15,3697.11,224.7087632,6.525,False,8,2013,31,0,0,0,0,0
1,2013-05-04,58.59,3.583,12872.34,5687.86,485.97,478.04,5092.33,225.0865399,6.314,False,5,2013,18,0,0,0,0,0
1,2013-12-04,62.72,3.529,3672.43,932.58,52.86,949.07,2836.64,225.1701596,6.314,False,12,2013,49,0,0,0,0,0
2,2011-11-11,59.33,3.297,10797.64,20445.0,443.32,4754.07,4787.16,217.6455387,7.441,False,11,2011,45,0,0,0,0,0
2,2011-02-12,48.74,3.172,8010.99,83.47,1897.27,4444.0,28238.93,218.3590319,7.441,False,2,2011,6,0,0,0,0,0
2,2011-09-12,41.76,3.158,11472.59,40.0,306.43,4160.55,8899.08,218.605037,7.441,False,9,2011,37,0,0,0,0,0
2,2012-06-01,46.75,3.157,5886.72,37454.29,121.16,2388.92,7103.97,219.355063,7.057,False,6,2012,22,0,0,0,0,0
2,2012-03-02,55.21,3.36,75149.79,3818.85,221.4,48159.86,7423.61,219.8118854,7.057,False,3,2012,9,0,0,0,0,0
2,2012-10-02,46.98,3.409,13510.89,6674.42,94.07,14114.9,9577.83,219.9049073,7.057,True,10,2012,40,0,0,0,0,0
2,2012-02-03,58.79,3.63,23901.27,2144.7,9.0,9799.63,4929.53,220.4866886,7.057,False,2,2012,5,0,0,0,0,0
2,2012-09-03,57.11,3.669,11784.91,368.32,3.0,2498.17,7746.0,220.6974332,7.057,False,9,2012,36,0,0,0,0,0
2,2012-06-04,68.43,3.891,12132.59,1.3,32.58,4874.69,5535.13,221.0737638,6.891,False,6,2012,23,0,0,0,0,0
2,2012-01-06,78.38,3.501,13091.33,21.0,245.37,2993.15,5521.72,221.3852748,6.891,False,1,2012,1,0,0,0,0,0
2,2012-08-06,78.69,3.452,12162.04,463.6,78.39,3610.78,10877.64,221.3877467,6.891,False,8,2012,32,0,0,0,0,0
2,2012-06-07,84.2,3.227,12355.5,295.05,100.15,6720.4,5506.53,221.5215064,6.565,False,6,2012,23,0,0,0,0,0
2,2012-03-08,90.22,3.417,27650.68,164.58,43.02,21801.9,6652.98,221.5869799,6.565,False,3,2012,10,0,0,0,0,0
2,2012-10-08,88.55,3.494,5554.54,142.3,13.43,4187.43,5286.19,221.5954138,6.565,False,10,2012,41,0,0,0,0,0
2,2012-07-09,87.65,3.73,10658.86,149.28,60.97,2920.9,3275.57,222.0747635,6.565,True,7,2012,28,0,0,0,0,0
2,2012-02-11,56.4,3.386,9585.99,6181.03,32.4,1571.2,4510.08,223.0968655,6.17,False,2,2012,6,0,0,0,0,0
2,2012-09-11,61.9,3.314,9497.69,2711.51,109.45,7185.16,6480.49,223.1153944,6.17,False,9,2012,37,0,0,0,0,0
2,2013-04-01,39.12,3.161,2045.13,34381.53,26.36,159.76,3863.31,223.7137989,6.237,False,4,2013,14,0,0,0,0,0
2,2013-11-01,47.42,3.243,6722.95,12098.17,13.68,1067.36,5383.2,223.8342663,6.237,False,11,2013,44,0,0,0,0,0
2,2013-01-02,54.75,3.244,13078.9,1642.02,545.2,12725.35,5002.74,223.8691966,6.237,False,1,2013,1,0,0,0,0,0
2,2013-08-02,56.08,3.417,63622.34,687.56,358.29,44824.98,8167.67,223.8693849,6.237,True,8,2013,31,0,0,0,0,0
2,2013-01-03,46.08,3.711,6023.68,439.6,4.4,56.86,4416.82,224.198735,6.237,False,1,2013,1,0,0,0,0,0
2,2013-08-03,51.12,3.658,24134.43,54.43,136.7,7235.69,6441.67,224.3427668,6.237,False,8,2013,31,0,0,0,0,0
2,2013-05-04,58.3,3.583,16944.64,4983.34,411.07,2378.92,3007.06,224.7192583,6.112,False,5,2013,18,0,0,0,0,0
2,2013-12-04,61.23,3.529,10165.99,395.13,66.86,1537.62,3122.19,224.8025314,6.112,False,12,2013,49,0,0,0,0,0
3,2011-11-11,61.7,3.297,8787.59,2006.62,200.01,570.57,1005.33,221.4117517,7.197,False,11,2011,45,0,0,0,0,0
3,2011-02-12,54.97,3.172,850.86,18.94,781.71,394.29,7297.1,222.1589519,7.197,False,2,2011,6,0,0,0,0,0
3,2011-09-12,49.26,3.158,4059.38,6.47,123.42,833.44,3018.08,222.4167852,7.197,False,9,2011,37,0,0,0,0,0
3,2012-06-01,52.42,3.157,3824.22,9389.98,15.0,415.36,1476.85,223.1923049,6.833,False,6,2012,22,0,0,0,0,0
3,2012-03-02,59.33,3.36,9667.5,268.29,0.6,8368.15,804.24,223.6591137,6.833,False,3,2012,9,0,0,0,0,0
3,2012-10-02,51.65,3.409,8687.47,1594.87,2.2,2144.87,2577.83,223.753643,6.833,True,10,2012,40,0,0,0,0,0
3,2012-09-03,60.71,3.669,8368.5,298.46,1.39,1340.29,1416.22,224.5620291,6.833,False,9,2012,36,0,0,0,0,0
3,2012-01-06,81.55,3.501,2664.55,10.0,220.03,618.49,1940.77,225.2518313,6.664,False,1,2012,1,0,0,0,0,0
3,2012-08-06,81.65,3.452,5770.48,28.6,30.18,283.7,2093.48,225.2521458,6.664,False,8,2012,32,0,0,0,0,0
3,2012-06-07,83.14,3.227,2625.99,30.7,28.16,703.16,1962.17,225.3916254,6.334,False,6,2012,23,0,0,0,0,0
3,2012-03-08,86.55,3.417,5683.49,37.2,0.04,2484.22,639.29,225.4636332,6.334,False,3,2012,10,0,0,0,0,0
3,2012-10-08,85.85,3.494,3375.44,28.4,2.4,1880.43,555.9,225.4735085,6.334,False,10,2012,41,0,0,0,0,0
3,2012-07-09,84.99,3.73,2266.83,19.0,8.31,419.87,926.86,225.9660263,6.334,True,7,2012,28,0,0,0,0,0
3,2012-02-11,61.61,3.386,3218.13,420.29,0.55,1498.52,749.71,227.0058832,6.034,False,2,2012,6,0,0,0,0,0
3,2012-09-11,68.72,3.314,2540.75,985.52,0.85,273.23,422.66,227.0244026,6.034,False,9,2012,37,0,0,0,0,0
3,2013-04-01,46.52,3.161,2917.32,7821.32,0.2,171.09,570.6,227.6363871,6.108,False,4,2013,14,0,0,0,0,0
3,2013-11-01,49.83,3.243,2503.67,3395.0,0.52,160.25,1366.37,227.7579379,6.108,False,11,2013,44,0,0,0,0,0
3,2013-01-02,62.81,3.244,2513.52,665.85,30.0,3221.12,679.96,227.7801362,6.108,False,1,2013,1,0,0,0,0,0
3,2013-08-02,62.77,3.417,29091.04,224.97,163.55,6151.53,782.92,227.7755197,6.108,True,8,2013,31,0,0,0,0,0
3,2013-08-03,57.25,3.658,6458.44,34.88,4.0,892.51,1095.59,228.2526667,6.108,False,8,2013,31,0,0,0,0,0
3,2013-05-04,65.89,3.583,9649.15,1285.04,316.3,65.46,835.58,228.6428882,5.999,False,5,2013,18,0,0,0,0,0
3,2013-12-04,67.56,3.529,900.72,716.86,53.54,151.17,637.16,228.7298638,5.999,False,12,2013,49,0,0,0,0,0
4,2011-11-11,47.12,3.286,12851.52,16658.47,430.13,5630.01,9213.39,129.8167097,5.143,False,11,2011,45,0,0,0,0,0
4,2011-02-12,38.71,3.176,9762.39,160.94,2260.29,4767.86,28604.2,129.8459667,5.143,False,2,2011,6,0,0,0,0,0
4,2011-09-12,31.64,3.153,5857.72,30.0,984.98,4692.5,13503.99,129.8555333,5.143,False,9,2011,37,0,0,0,0,0
4,2012-06-01,38.64,3.158,7857.71,38677.72,234.0,863.22,8682.95,130.1575161,4.607,False,6,2012,22,0,0,0,0,0
4,2012-03-02,41.81,3.354,50820.76,4033.29,285.11,48086.64,7456.15,130.3496774,4.607,False,3,2012,9,0,0,0,0,0
4,2012-10-02,33.0,3.411,11374.63,7208.51,118.37,12869.78,10618.93,130.3849032,4.607,True,10,2012,40,0,0,0,0,0
4,2012-02-03,50.38,3.619,18564.88,1394.86,32.93,10714.6,3592.82,130.6457931,4.607,False,2,2012,5,0,0,0,0,0
4,2012-09-03,53.63,3.667,8779.57,602.02,8.53,1103.64,9464.98,130.7413793,4.607,False,9,2012,36,0,0,0,0,0
4,2012-11-05,67.64,3.685,20499.88,86.0,103.05,5005.96,3815.16,131.1453333,4.308,False,11,2012,45,0,0,0,0,0
4,2012-01-06,77.41,3.483,10165.22,8.6,47.93,2676.33,4896.34,130.9592258,4.308,False,1,2012,1,0,0,0,0,0
4,2012-08-06,78.11,3.433,7429.46,249.8,7.86,4235.27,9690.55,130.8896774,4.308,False,8,2012,32,0,0,0,0,0
4,2012-06-07,80.37,3.187,9789.03,90.0,157.62,10671.47,3864.91,130.7196333,4.077,False,6,2012,23,0,0,0,0,0
4,2012-03-08,83.86,3.374,29127.2,42.27,58.34,22663.73,10925.99,130.737871,4.077,False,3,2012,10,0,0,0,0,0
4,2012-10-08,83.21,3.476,16996.42,36.6,60.94,4777.2,3937.09,130.7561613,4.077,False,10,2012,41,0,0,0,0,0
4,2012-07-09,82.09,3.709,9082.61,16.0,59.06,7217.88,8026.47,130.9325484,4.077,True,7,2012,28,0,0,0,0,0
4,2012-02-11,53.31,3.404,3717.8,7665.66,23.0,190.24,1586.46,131.2362258,3.879,False,2,2012,6,0,0,0,0,0
4,2012-09-11,59.47,3.337,28299.04,6412.64,73.18,9912.23,7259.32,131.2793548,3.879,False,9,2012,37,0,0,0,0,0
4,2013-11-01,38.92,3.235,4749.65,23457.11,4.22,522.96,3743.86,131.957,3.921,False,11,2013,44,0,0,0,0,0
4,2013-01-02,49.07,3.232,27134.98,861.18,870.2,29210.08,1663.48,132.1537097,3.921,False,1,2013,1,0,0,0,0,0
4,2013-08-02,49.86,3.401,56705.09,564.98,521.82,45331.3,7730.26,132.215129,3.921,True,8,2013,31,0,0,0,0,0
4,2013-01-03,42.56,3.694,27132.59,762.39,3.2,1621.99,3526.18,132.3675714,3.921,False,1,2013,1,0,0,0,0,0
4,2013-08-03,53.21,3.647,23306.04,779.6,164.42,12389.6,9316.71,132.4150714,3.921,False,8,2013,31,0,0,0,0,0
4,2013-05-04,57.7,3.552,8031.33,12906.43,641.98,4801.53,2723.41,132.6537742,3.896,False,5,2013,18,0,0,0,0,0
4,2013-12-04,60.06,3.504,7876.11,1269.44,201.06,2776.58,7702.91,132.7160968,3.896,False,12,2013,49,0,0,0,0,0
5,2011-11-11,60.71,3.297,2971.48,1943.2,60.03,757.33,1040.96,218.5699621,6.3,False,11,2011,45,0,0,0,0,0
5,2011-02-12,51.14,3.172,2359.44,4.0,658.01,901.67,24751.93,219.2917287,6.3,False,2,2011,6,0,0,0,0,0
5,2012-06-01,50.21,3.157,4602.39,6733.6,35.03,621.64,3507.24,220.2969205,5.943,False,6,2012,22,0,0,0,0,0
5,2012-03-02,57.35,3.36,23811.41,1349.62,23.82,14928.42,3186.52,220.7561941,5.943,False,3,2012,9,0,0,0,0,0
5,2012-10-02,48.57,3.409,4239.28,2725.8,1.53,3682.89,3234.79,220.849586,5.943,True,10,2012,40,0,0,0,0,0
5,2012-02-03,60.66,3.63,6172.7,123.32,1.0,3063.26,1213.59,221.4342146,5.943,False,2,2012,5,0,0,0,0,0
5,2012-09-03,57.69,3.669,1842.42,51.27,2.0,109.67,5043.45,221.6460048,5.943,False,9,2012,36,0,0,0,0,0
5,2012-06-07,82.35,3.227,2592.37,2.65,52.06,914.36,2768.98,222.4714336,5.603,False,6,2012,23,0,0,0,0,0
5,2012-03-08,86.91,3.417,7365.26,14.48,0.7,3640.7,2517.31,222.5385111,5.603,False,3,2012,10,0,0,0,0,0
5,2012-10-08,86.96,3.494,3261.56,15.0,0.5,1687.13,2102.31,222.5472987,5.603,False,10,2012,41,0,0,0,0,0
5,2012-07-09,86.3,3.73,2797.26,1.9,9.61,968.75,2069.3,223.0298805,5.603,True,7,2012,28,0,0,0,0,0
5,2012-02-11,57.83,3.386,3526.61,1163.63,2.31,514.05,1555.5,224.0563405,5.422,False,2,2012,6,0,0,0,0,0
5,2012-09-11,64.61,3.314,2548.02,2037.54,1.95,303.93,1595.16,224.0748671,5.422,False,9,2012,37,0,0,0,0,0
5,2013-11-01,49.5,3.243,2372.65,4414.85,1.04,37.36,1191.29,224.7973381,5.494,False,11,2013,44,0,0,0,0,0
5,2013-01-02,58.99,3.244,4697.68,637.17,30.0,5803.02,970.8,224.8291434,5.494,False,1,2013,1,0,0,0,0,0
5,2013-08-02,59.05,3.417,21533.52,271.06,80.55,10897.89,4109.09,224.8281523,5.494,True,8,2013,31,0,0,0,0,0
5,2013-08-03,53.16,3.658,6476.98,41.8,2.0,1334.42,3081.47,225.3024583,5.494,False,8,2013,31,0,0,0,0,0
5,2013-05-04,61.88,3.583,9023.29,927.32,170.24,405.3,-185.17,225.6823199,5.278,False,5,2013,18,0,0,0,0,0
5,2013-12-04,62.36,3.529,1352.02,376.67,7.6,184.54,1703.57,225.7665018,5.278,False,12,2013,49,0,0,0,0,0
6,2011-11-11,61.33,3.297,12590.41,2173.66,123.2,3108.55,5416.96,219.5631135,6.551,False,11,2011,45,0,0,0,0,0
6,2011-02-12,51.18,3.172,6264.18,74.94,2885.14,3904.82,27272.53,220.2937686,6.551,False,2,2011,6,0,0,0,0,0
6,2011-09-12,43.64,3.158,5473.33,42.0,282.45,4436.51,11311.24,220.5457961,6.551,False,9,2011,37,0,0,0,0,0
6,2012-06-01,50.82,3.157,3220.17,32056.43,108.24,985.76,6650.63,221.3088023,6.132,False,6,2012,22,0,0,0,0,0
6,2012-03-02,57.45,3.36,36848.38,1772.68,161.55,28199.34,7151.33,221.7707093,6.132,False,3,2012,9,0,0,0,0,0
6,2012-10-02,48.58,3.409,12635.19,5694.76,68.45,8976.17,6779.43,221.8644987,6.132,True,10,2012,40,0,0,0,0,0
6,2012-02-03,60.32,3.63,20243.99,618.72,14.35,9687.4,4968.92,222.4521862,6.132,False,2,2012,5,0,0,0,0,0
6,2012-09-03,57.89,3.669,7731.19,445.6,4.19,446.42,5729.67,222.6650998,6.132,False,9,2012,36,0,0,0,0,0
6,2012-04-05,77.66,3.749,13643.53,266.0,117.27,5455.98,2773.56,223.2800541,5.964,False,4,2012,14,0,0,0,0,0
6,2012-01-06,80.39,3.501,8267.68,16.0,441.83,1904.81,3517.55,223.3539397,5.964,False,1,2012,1,0,0,0,0,0
6,2012-08-06,80.5,3.452,11150.2,188.6,63.7,859.54,6294.81,223.3553131,5.964,False,8,2012,32,0,0,0,0,0
6,2012-06-07,82.95,3.227,6087.24,254.9,205.95,3655.34,5715.69,223.4919851,5.668,False,6,2012,23,0,0,0,0,0
6,2012-03-08,87.55,3.417,31765.22,141.14,19.13,15925.51,6069.02,223.5607856,5.668,False,3,2012,10,0,0,0,0,0
6,2012-10-08,87.04,3.494,5750.2,187.04,5.21,3920.14,7505.63,223.5699533,5.668,False,10,2012,41,0,0,0,0,0
6,2012-07-09,86.33,3.73,14105.12,47.96,24.6,3040.62,3558.18,224.0560076,5.668,True,7,2012,28,0,0,0,0,0
6,2012-02-11,58.38,3.386,13494.41,15350.17,34.79,5549.32,6682.4,225.0871495,5.329,False,2,2012,6,0,0,0,0,0
6,2012-09-11,66.68,3.314,10750.41,1244.27,11.32,524.64,4196.85,225.1056736,5.329,False,9,2012,37,0,0,0,0,0
6,2013-04-01,40.46,3.161,2958.8,59362.3,27.18,24.85,4190.08,225.7109924,5.372,False,4,2013,14,0,0,0,0,0
6,2013-11-01,48.26,3.243,5510.29,33063.57,-0.86,693.1,3418.77,225.8320114,5.372,False,11,2013,44,0,0,0,0,0
6,2013-01-02,58.57,3.244,12770.23,1088.16,434.8,17254.24,4436.09,225.8604592,5.372,False,1,2013,1,0,0,0,0,0
6,2013-08-02,60.55,3.417,64733.8,1335.25,240.3,34049.73,6567.44,225.8582011,5.372,True,8,2013,31,0,0,0,0,0
6,2013-01-03,50.08,3.711,5999.24,578.17,2.0,155.0,5362.39,226.1883529,5.372,False,1,2013,1,0,0,0,0,0
6,2013-08-03,55.31,3.658,45591.46,212.69,79.91,8383.35,3778.9,226.3335,5.372,False,8,2013,31,0,0,0,0,0
6,2013-05-04,61.4,3.583,13894.83,8546.67,635.55,1436.84,3152.22,226.7169822,5.285,False,5,2013,18,0,0,0,0,0
6,2013-12-04,63.11,3.529,5772.74,180.35,97.82,1027.37,3742.94,226.8021404,5.285,False,12,2013,49,0,0,0,0,0
7,2011-11-11,19.53,3.505,3307.6,1431.65,143.06,1330.31,1680.9,195.6376941,8.513,False,11,2011,45,0,0,0,0,0
7,2011-02-12,20.38,3.378,2229.32,6.47,738.42,1630.88,11534.89,195.8223287,8.513,False,2,2011,6,0,0,0,0,0
7,2012-06-01,18.67,3.095,2373.44,11519.36,7.26,162.72,4504.47,196.5458309,8.256,False,6,2012,22,0,0,0,0,0
7,2012-03-02,22.2,3.031,56917.7,1839.82,4.53,16241.73,2414.97,196.8728921,8.256,False,3,2012,9,0,0,0,0,0
7,2012-10-02,18.79,3.103,13100.37,3096.6,1.73,4854.7,6266.04,196.9195056,8.256,True,10,2012,40,0,0,0,0,0
7,2012-02-03,21.64,3.191,41848.34,2326.08,139.2,15505.0,1348.86,196.9565303,8.256,False,2,2012,5,0,0,0,0,0
7,2012-09-03,30.1,3.286,12144.9,1178.96,2.18,996.02,2221.16,196.9631599,8.256,False,9,2012,36,0,0,0,0,0
7,2012-08-06,63.07,3.741,3729.69,76.6,0.12,444.64,3495.06,197.6551863,8.09,False,8,2012,32,0,0,0,0,0
7,2012-06-07,64.67,3.646,2779.97,326.2,5.07,2112.68,1548.33,197.8322195,7.872,False,6,2012,23,0,0,0,0,0
7,2012-03-08,61.83,3.528,9468.47,109.88,2.88,8606.99,1605.62,198.0293893,7.872,False,3,2012,10,0,0,0,0,0
7,2012-10-08,63.41,3.509,4032.28,26.2,55.79,2124.61,960.59,198.0795651,7.872,False,10,2012,41,0,0,0,0,0
7,2012-02-11,37.2,3.604,3335.15,1937.31,5.02,282.71,1127.18,199.2908671,7.557,False,2,2012,6,0,0,0,0,0
7,2012-09-11,36.89,3.545,1797.81,3661.28,10.0,501.33,3222.63,199.3622024,7.557,False,9,2012,37,0,0,0,0,0
7,2013-04-01,-6.08,3.034,1390.63,11904.04,37.82,65.08,1446.44,200.3940829,7.107,False,4,2013,14,0,0,0,0,0
7,2013-11-01,-6.61,2.957,2117.01,8298.08,8.61,15.26,745.42,200.6190912,7.107,False,11,2013,44,0,0,0,0,0
7,2013-01-02,25.67,2.998,4389.12,316.88,113.68,4128.61,1238.01,200.8919355,7.107,False,1,2013,1,0,0,0,0,0
7,2013-08-02,11.26,3.214,30907.52,185.19,392.36,16519.53,2304.12,200.968772,7.107,True,8,2013,31,0,0,0,0,0
7,2013-01-03,11.94,3.638,3789.54,99.08,0.4,33.38,959.83,201.1548374,7.107,False,1,2013,1,0,0,0,0,0
7,2013-08-03,24.24,3.624,9370.38,85.98,107.66,2891.2,1385.72,201.2122297,7.107,False,8,2013,31,0,0,0,0,0
7,2013-05-04,39.3,3.633,6121.49,979.92,152.85,161.59,986.23,201.1131902,6.953,False,5,2013,18,0,0,0,0,0
7,2013-12-04,34.79,3.642,1731.11,28.55,25.47,89.14,1032.44,201.0705712,6.953,False,12,2013,49,0,0,0,0,0
8,2011-11-11,50.56,3.297,4971.01,4538.18,541.05,1407.72,3846.73,221.4595129,6.123,False,11,2011,45,0,0,0,0,0
8,2011-02-12,40.82,3.172,2222.42,286.0,1464.46,1192.79,13865.57,222.2071405,6.123,False,2,2011,6,0,0,0,0,0
8,2011-09-12,30.51,3.158,4425.92,36.0,346.05,1791.15,9889.35,222.4651238,6.123,False,9,2011,37,0,0,0,0,0
8,2012-06-01,43.47,3.157,3093.39,26001.46,96.35,500.91,4468.63,223.2409668,5.825,False,6,2012,22,0,0,0,0,0
8,2012-03-02,45.56,3.36,41524.03,1412.41,83.15,18723.56,3886.31,223.7079023,5.825,False,3,2012,9,0,0,0,0,0
8,2012-10-02,35.71,3.409,9332.6,3298.88,32.12,6530.08,4858.74,223.8024507,5.825,True,10,2012,40,0,0,0,0,0
8,2012-02-03,50.95,3.63,19521.45,1000.19,0.6,5819.37,3641.54,224.3959793,5.825,False,2,2012,5,0,0,0,0,0
8,2012-09-03,49.59,3.669,7740.12,269.44,2.0,509.65,4678.17,224.6110379,5.825,False,9,2012,36,0,0,0,0,0
8,2012-01-06,78.31,3.501,11578.32,41.6,58.17,1319.45,2044.72,225.300865,5.679,False,1,2012,1,0,0,0,0,0
8,2012-08-06,74.28,3.452,8721.82,252.8,30.45,679.89,5160.31,225.3011521,5.679,False,8,2012,32,0,0,0,0,0
8,2012-06-07,81.24,3.227,10526.01,157.93,182.17,3068.98,4059.99,225.4407043,5.401,False,6,2012,23,0,0,0,0,0
8,2012-03-08,85.06,3.417,12755.02,88.2,17.83,4783.44,4865.74,225.5127949,5.401,False,3,2012,10,0,0,0,0,0
8,2012-10-08,83.74,3.494,11811.65,26.0,59.03,2215.73,2801.89,225.5226885,5.401,False,10,2012,41,0,0,0,0,0
8,2012-07-09,80.87,3.73,11548.63,9.0,29.22,1177.09,2831.4,226.0153733,5.401,True,7,2012,28,0,0,0,0,0
8,2012-02-11,53.41,3.386,8753.34,2732.6,6.3,1715.26,2261.91,227.0554553,5.124,False,2,2012,6,0,0,0,0,0
8,2012-09-11,58.95,3.314,6026.16,4076.16,5.83,274.99,2239.32,227.0739747,5.124,False,9,2012,37,0,0,0,0,0
8,2013-11-01,38.79,3.243,4261.84,7990.99,4.58,259.79,3090.33,227.8076959,5.212,False,11,2013,44,0,0,0,0,0
8,2013-01-02,46.81,3.244,17701.91,532.5,46.4,13281.29,2476.34,227.8297327,5.212,False,1,2013,1,0,0,0,0,0
8,2013-08-02,47.16,3.417,56131.52,176.31,761.61,16189.82,5425.07,227.8250553,5.212,True,8,2013,31,0,0,0,0,0
8,2013-01-03,37.3,3.711,28754.5,289.26,1.2,20.81,1570.24,228.156,5.212,False,1,2013,1,0,0,0,0,0
8,2013-08-03,51.05,3.658,28078.98,36.34,60.92,2031.46,3412.68,228.30225,5.212,False,8,2013,31,0,0,0,0,0
8,2013-05-04,52.56,3.583,9189.81,5271.72,269.79,1103.23,1391.14,228.6926456,5.024,False,5,2013,18,0,0,0,0,0
8,2013-12-04,57.36,3.529,3916.55,890.74,64.2,278.27,2337.48,228.7796682,5.024,False,12,2013,49,0,0,0,0,0
9,2011-11-11,58.28,3.297,3235.06,1645.11,63.15,1580.98,2209.21,221.6482278,6.054,False,11,2011,45,0,0,0,0,0
9,2012-06-01,47.54,3.157,3597.08,6203.76,11.2,3743.55,1912.75,223.4332408,5.667,False,6,2012,22,0,0,0,0,0
9,2012-03-02,54.43,3.36,19289.22,527.14,4.46,9955.21,3428.92,223.9006766,5.667,False,3,2012,9,0,0,0,0,0
9,2012-10-02,44.03,3.409,5619.8,1595.17,1.71,4740.66,4494.14,223.9953006,5.667,True,10,2012,40,0,0,0,0,0
9,2012-09-03,54.03,3.669,3923.2,96.52,17.36,990.11,2755.72,224.8046825,5.667,False,9,2012,36,0,0,0,0,0
9,2012-01-06,80.26,3.501,2542.14,35.6,76.8,374.37,3413.57,225.4946078,5.539,False,1,2012,1,0,0,0,0,0
9,2012-08-06,78.91,3.452,3564.15,142.2,0.3,81.26,5518.29,225.4947868,5.539,False,8,2012,32,0,0,0,0,0
9,2012-06-07,84.15,3.227,3165.17,87.2,8.08,1642.41,2096.86,225.6346256,5.277,False,6,2012,23,0,0,0,0,0
9,2012-03-08,90.23,3.417,11864.5,61.0,0.22,1659.09,2176.37,225.7070437,5.277,False,3,2012,10,0,0,0,0,0
9,2012-10-08,88.66,3.494,3180.78,-9.94,1.4,2112.03,2314.58,225.7170094,5.277,False,10,2012,41,0,0,0,0,0
9,2012-07-09,87.93,3.73,4837.99,-5.96,22.74,602.8,1377.59,226.2103541,5.277,True,7,2012,28,0,0,0,0,0
9,2012-02-11,56.26,3.386,2291.26,2178.48,65.25,20.52,1347.79,227.2513257,4.954,False,2,2012,6,0,0,0,0,0
9,2012-09-11,63.9,3.314,3595.06,2243.43,27.65,1000.2,1881.75,227.2698446,4.954,False,9,2012,37,0,0,0,0,0
9,2013-11-01,42.47,3.243,2071.62,3716.52,1.48,27.44,3263.71,228.0043006,5.049,False,11,2013,44,0,0,0,0,0
9,2013-01-02,52.1,3.244,1879.84,168.58,60.0,1906.67,2777.26,228.0256994,5.049,False,1,2013,1,0,0,0,0,0
9,2013-08-02,52.91,3.417,24879.62,283.19,23.36,11771.16,7923.44,228.0207813,5.049,True,8,2013,31,0,0,0,0,0
9,2013-08-03,54.57,3.658,7327.86,14.52,20.3,970.77,2610.21,228.4981646,5.049,False,8,2013,31,0,0,0,0,0
9,2013-05-04,56.16,3.583,5976.92,627.38,269.52,614.76,1442.47,228.8892482,4.893,False,5,2013,18,0,0,0,0,0
9,2013-12-04,63.1,3.529,1113.0,136.6,29.28,104.16,4195.31,228.9764563,4.893,False,12,2013,49,0,0,0,0,0
10,2011-11-11,55.28,3.677,13444.17,14909.99,752.18,4320.22,5896.3,129.8167097,7.874,False,11,2011,45,0,0,0,0,0
10,2011-02-12,57.29,3.701,7772.17,240.0,4737.51,6615.5,36360.42,129.8459667,7.874,False,2,2011,6,0,0,0,0,0
10,2011-09-12,42.58,3.644,7010.08,74.24,1019.36,5124.86,9458.28,129.8555333,7.874,False,9,2011,37,0,0,0,0,0
10,2012-06-01,59.85,3.443,7737.75,38456.09,39.72,305.2,5408.08,130.1575161,7.545,False,6,2012,22,0,0,0,0,0
10,2012-03-02,56.85,3.543,42468.4,1985.73,174.33,33345.34,5609.77,130.3496774,7.545,False,3,2012,9,0,0,0,0,0
10,2012-10-02,55.73,3.722,8414.22,861.38,66.96,6806.11,5723.0,130.3849032,7.545,True,10,2012,40,0,0,0,0,0
10,2012-02-03,57.62,3.882,22685.06,152.91,48.76,5831.75,2808.95,130.6457931,7.545,False,2,2012,5,0,0,0,0,0
10,2012-09-03,57.65,3.963,11265.62,7.9,14.95,919.45,2473.83,130.7413793,7.545,False,9,2012,36,0,0,0,0,0
10,2012-08-06,86.87,4.103,7184.69,31.0,338.26,637.39,5399.57,130.8896774,7.382,False,8,2012,32,0,0,0,0,0
10,2012-06-07,86.87,3.666,12644.88,11.2,4.12,5763.56,4746.94,130.7196333,7.17,False,6,2012,23,0,0,0,0,0
10,2012-07-09,83.07,4.124,11848.88,20.0,47.52,3530.47,2552.3,130.9325484,7.17,True,7,2012,28,0,0,0,0,0
10,2012-02-11,70.79,4.099,25680.2,6037.06,44.68,17412.04,4223.05,131.2362258,6.943,False,2,2012,6,0,0,0,0,0
10,2012-09-11,70.28,3.78,9208.4,2501.11,364.14,679.96,6831.32,131.2793548,6.943,False,9,2012,37,0,0,0,0,0
10,2013-04-01,45.01,3.339,2912.56,47440.51,8.96,102.02,3591.51,131.852,6.897,False,4,2013,14,0,0,0,0,0
10,2013-11-01,49.38,3.542,5044.1,12418.39,4.14,1338.89,2169.24,131.957,6.897,False,11,2013,44,0,0,0,0,0
10,2013-01-02,51.86,3.6,12823.37,683.96,388.4,7973.65,1063.21,132.1537097,6.897,False,1,2013,1,0,0,0,0,0
10,2013-08-02,57.25,3.795,73407.49,127.12,440.16,37571.17,7891.72,132.215129,6.897,True,8,2013,31,0,0,0,0,0
10,2013-01-03,48.17,3.83,17336.83,324.31,2.0,581.51,1568.74,132.3675714,6.897,False,1,2013,1,0,0,0,0,0
10,2013-08-03,64.17,4.125,30042.66,349.22,29.14,6969.72,4125.89,132.4150714,6.897,False,8,2013,31,0,0,0,0,0
10,2013-05-04,70.74,3.808,9965.99,4803.63,766.72,3310.09,2541.31,132.6537742,6.791,False,5,2013,18,0,0,0,0,0
10,2013-12-04,66.61,3.797,7655.94,633.02,70.48,3582.29,2394.07,132.7160968,6.791,False,12,2013,49,0,0,0,0,0
11,2011-11-11,64.2,3.297,9134.39,10126.19,473.38,2206.22,6338.3,221.4117517,7.197,False,11,2011,45,0,0,0,0,0
11,2011-02-12,56.89,3.172,7019.2,97.47,2917.09,3648.95,28803.28,222.1589519,7.197,False,2,2011,6,0,0,0,0,0
11,2011-09-12,50.63,3.158,4923.89,36.0,525.03,2598.36,8696.45,222.4167852,7.197,False,9,2011,37,0,0,0,0,0
11,2012-06-01,54.44,3.157,5107.29,32305.3,144.66,530.55,6004.19,223.1923049,6.833,False,6,2012,22,0,0,0,0,0
11,2012-03-02,60.24,3.36,50909.18,1957.49,137.23,37091.67,6418.36,223.6591137,6.833,False,3,2012,9,0,0,0,0,0
11,2012-10-02,52.23,3.409,12424.72,4575.75,81.74,8932.68,6987.67,223.753643,6.833,True,10,2012,40,0,0,0,0,0
11,2012-02-03,62.61,3.63,16404.25,1191.27,7.03,11524.7,4400.35,224.3470245,6.833,False,2,2012,5,0,0,0,0,0
11,2012-09-03,61.44,3.669,7634.94,379.04,3.5,1251.85,6147.5,224.5620291,6.833,False,9,2012,36,0,0,0,0,0
11,2012-01-06,81.67,3.501,8172.36,79.6,126.72,1785.38,4232.48,225.2518313,6.664,False,1,2012,1,0,0,0,0,0
11,2012-08-06,82.1,3.452,11984.13,191.4,78.65,2768.31,6358.77,225.2521458,6.664,False,8,2012,32,0,0,0,0,0
11,2012-06-07,83.44,3.227,8324.1,125.6,88.73,6101.75,4603.06,225.3916254,6.334,False,6,2012,23,0,0,0,0,0
11,2012-03-08,86.94,3.417,21974.47,173.58,25.5,22778.65,6172.69,225.4636332,6.334,False,3,2012,10,0,0,0,0,0
11,2012-10-08,86.21,3.494,16812.92,128.54,8.74,4764.33,4098.22,225.4735085,6.334,False,10,2012,41,0,0,0,0,0
11,2012-07-09,85.17,3.73,14597.86,56.0,45.05,3235.27,2855.68,225.9660263,6.334,True,7,2012,28,0,0,0,0,0
11,2012-02-11,62.23,3.386,17795.33,6233.15,44.62,12979.82,3359.51,227.0058832,6.034,False,2,2012,6,0,0,0,0,0
11,2012-09-11,68.71,3.314,10591.76,1860.93,214.24,1144.92,4599.73,227.0244026,6.034,False,9,2012,37,0,0,0,0,0
11,2013-04-01,46.5,3.161,3542.8,37018.68,20.1,43.65,6484.05,227.6363871,6.108,False,4,2013,14,0,0,0,0,0
11,2013-11-01,50.33,3.243,4086.34,19143.47,2.17,832.97,3878.6,227.7579379,6.108,False,11,2013,44,0,0,0,0,0
11,2013-01-02,62.76,3.244,16795.1,1889.47,453.0,24051.21,5579.09,227.7801362,6.108,False,1,2013,1,0,0,0,0,0
11,2013-08-02,63.06,3.417,80498.65,820.68,381.3,33918.18,7040.6,227.7755197,6.108,True,8,2013,31,0,0,0,0,0
11,2013-01-03,54.59,3.711,8318.67,1004.38,2.4,52.46,4238.36,228.1064444,6.108,False,1,2013,1,0,0,0,0,0
11,2013-08-03,58.0,3.658,30094.95,413.21,39.11,7152.47,4030.5,228.2526667,6.108,False,8,2013,31,0,0,0,0,0
11,2013-05-04,65.49,3.583,13814.88,9023.25,695.55,243.54,3529.04,228.6428882,5.999,False,5,2013,18,0,0,0,0,0
11,2013-12-04,66.76,3.529,8091.82,3309.69,89.66,1924.7,4398.53,228.7298638,5.999,False,12,2013,49,0,0,0,0,0
12,2011-11-11,48.76,3.824,18049.87,7939.68,234.64,10463.07,5588.33,129.8167097,12.89,False,11,2011,45,0,0,0,0,0
12,2011-09-12,42.17,3.644,8374.63,15.85,573.92,5849.71,37581.27,129.8555333,12.89,False,9,2011,37,0,0,0,0,0
12,2012-06-01,50.43,3.599,11181.59,33829.84,36.96,624.05,10152.27,130.1575161,12.187,False,6,2012,22,0,0,0,0,0
12,2012-03-02,50.58,3.702,60740.64,3779.65,43.08,48403.53,20348.16,130.3496774,12.187,False,3,2012,9,0,0,0,0,0
12,2012-10-02,52.27,3.722,20281.03,2551.32,14.99,10597.74,7457.16,130.3849032,12.187,True,10,2012,40,0,0,0,0,0
12,2012-02-03,52.27,4.178,15046.69,2131.62,12.84,4574.95,3428.27,130.6457931,12.187,False,2,2012,5,0,0,0,0,0
12,2012-09-03,54.54,4.25,8404.29,2192.75,3.91,1479.91,5882.51,130.7413793,12.187,False,9,2012,36,0,0,0,0,0
12,2012-08-06,84.83,4.103,10421.58,93.2,160.4,2385.69,4837.21,130.8896774,11.627,False,8,2012,32,0,0,0,0,0
12,2012-06-07,89.13,3.765,10804.73,-0.6,3.33,5397.84,4395.03,130.7196333,10.926,False,6,2012,23,0,0,0,0,0
12,2012-03-08,88.16,3.76,41059.39,69.7,45.73,22802.96,2743.18,130.737871,10.926,False,3,2012,10,0,0,0,0,0
12,2012-10-08,95.91,3.811,10844.78,79.4,38.62,6513.42,2756.59,130.7561613,10.926,False,10,2012,41,0,0,0,0,0
12,2012-07-09,88.52,4.124,17640.02,84.0,46.18,3202.21,2634.17,130.9325484,10.926,True,7,2012,28,0,0,0,0,0
12,2012-02-11,63.22,4.099,16343.61,4621.69,118.14,7805.38,4247.26,131.2362258,10.199,False,2,2012,6,0,0,0,0,0
12,2012-09-11,65.31,3.951,7692.83,7429.95,77.86,3662.83,3157.95,131.2793548,10.199,False,9,2012,37,0,0,0,0,0
12,2013-04-01,38.8,3.51,4458.06,27754.01,58.27,301.24,3798.13,131.852,9.91,False,4,2013,14,0,0,0,0,0
12,2013-11-01,44.59,3.542,9819.88,13556.68,0.48,305.82,3113.78,131.957,9.91,False,11,2013,44,0,0,0,0,0
12,2013-01-02,49.54,3.6,15107.83,939.31,65.7,12829.72,3366.13,132.1537097,9.91,False,1,2013,1,0,0,0,0,0
12,2013-08-02,54.96,3.795,74777.22,1127.36,382.36,33466.32,5693.26,132.215129,9.91,True,8,2013,31,0,0,0,0,0
12,2013-08-03,60.4,3.874,18508.17,330.17,19.04,8128.78,2145.31,132.4150714,9.91,False,8,2013,31,0,0,0,0,0
12,2013-05-04,69.47,3.998,12126.6,2222.12,349.23,5266.87,2457.17,132.6537742,9.874,False,5,2013,18,0,0,0,0,0
12,2013-12-04,65.6,3.981,7641.52,807.32,22.43,8137.17,2078.68,132.7160968,9.874,False,12,2013,49,0,0,0,0,0
13,2011-11-11,33.8,3.513,31400.97,30876.79,645.07,4407.38,7740.27,129.8167097,6.392,False,11,2011,45,0,0,0,0,0
13,2011-02-12,33.94,3.389,7945.42,56.0,25126.9,5550.87,31844.2,129.8459667,6.392,False,2,2011,6,0,0,0,0,0
13,2011-09-12,24.82,3.341,5924.71,56.0,577.59,1778.83,20371.02,129.8555333,6.392,False,9,2011,37,0,0,0,0,0
13,2012-06-01,33.8,3.08,6809.96,37106.52,179.77,1922.55,7481.58,130.1575161,6.104,False,6,2012,22,0,0,0,0,0
13,2012-03-02,31.39,3.077,53423.29,5822.12,282.08,57817.56,9654.23,130.3496774,6.104,False,3,2012,9,0,0,0,0,0
13,2012-10-02,33.73,3.116,9264.48,8292.73,179.72,18849.21,9083.54,130.3849032,6.104,True,10,2012,40,0,0,0,0,0
13,2012-02-03,32.36,3.242,25204.67,2436.75,167.88,16066.76,7289.69,130.6457931,6.104,False,2,2012,5,0,0,0,0,0
13,2012-09-03,38.24,3.38,9173.97,339.05,9.44,1300.75,7479.12,130.7413793,6.104,False,9,2012,36,0,0,0,0,0
13,2012-11-05,56.47,3.809,14566.92,86.0,60.34,6009.18,4224.91,131.1453333,5.965,False,11,2012,45,0,0,0,0,0
13,2012-01-06,61.11,3.788,8868.86,123.0,37.87,3793.73,6276.31,130.9592258,5.965,False,1,2012,1,0,0,0,0,0
13,2012-08-06,68.4,3.776,12461.96,406.6,254.19,1450.62,8952.93,130.8896774,5.965,False,8,2012,32,0,0,0,0,0
13,2012-06-07,79.23,3.63,14357.07,337.7,89.85,8820.75,5507.25,130.7196333,5.765,False,6,2012,23,0,0,0,0,0
13,2012-03-08,81.99,3.512,48280.91,73.92,98.64,13485.99,7765.27,130.737871,5.765,False,3,2012,10,0,0,0,0,0
13,2012-10-08,81.69,3.509,6249.06,70.38,51.09,3258.43,7070.04,130.7561613,5.765,False,10,2012,41,0,0,0,0,0
13,2012-07-09,70.65,3.689,17452.15,18.74,69.23,4472.17,5180.78,130.9325484,5.765,True,7,2012,28,0,0,0,0,0
13,2012-02-11,52.55,3.702,22673.11,15133.42,65.54,8135.66,5449.98,131.2362258,5.621,False,2,2012,6,0,0,0,0,0
13,2012-09-11,50.48,3.663,31930.04,19452.26,88.2,668.89,4941.57,131.2793548,5.621,False,9,2012,37,0,0,0,0,0
13,2013-04-01,13.43,3.066,4914.57,39020.8,35.21,111.43,3050.0,131.852,5.372,False,4,2013,14,0,0,0,0,0
13,2013-11-01,20.0,2.982,3726.82,17212.29,-23.97,116.72,2662.8,131.957,5.372,False,11,2013,44,0,0,0,0,0
13,2013-01-02,30.44,3.029,21473.2,1904.19,424.53,26859.39,3342.06,132.1537097,5.372,False,1,2013,1,0,0,0,0,0
13,2013-08-02,26.11,3.192,103184.98,1058.07,406.24,65344.64,8699.21,132.215129,5.372,True,8,2013,31,0,0,0,0,0
13,2013-01-03,26.97,3.521,8315.84,1260.83,11.2,659.35,3007.98,132.3675714,5.372,False,1,2013,1,0,0,0,0,0
13,2013-08-03,37.63,3.526,29775.13,279.06,139.61,7962.19,6277.85,132.4150714,5.372,False,8,2013,31,0,0,0,0,0
13,2013-05-04,53.84,3.547,25061.6,16527.33,715.36,3092.08,6326.11,132.6537742,5.274,False,5,2013,18,0,0,0,0,0
13,2013-12-04,45.29,3.576,5553.66,6576.2,130.64,1282.8,2816.65,132.7160968,5.274,False,12,2013,49,0,0,0,0,0
14,2011-11-11,47.65,3.53,11376.03,22505.23,1079.89,2679.33,4257.94,188.0632345,8.523,False,11,2011,45,0,0,0,0,0
14,2011-09-12,46.57,3.415,7297.72,15.0,342.71,4849.0,7509.9,188.6544692,8.523,False,9,2011,37,0,0,0,0,0
14,2012-06-01,35.88,3.422,10428.95,39234.09,839.74,981.17,15911.56,189.1940558,8.424,False,6,2012,22,0,0,0,0,0
14,2012-03-02,42.96,3.617,78124.5,4232.19,788.56,46081.94,14550.73,189.6122277,8.424,False,3,2012,9,0,0,0,0,0
14,2012-10-02,37.0,3.64,17118.97,6533.16,285.82,11597.23,6174.43,189.7076048,8.424,True,10,2012,40,0,0,0,0,0
14,2012-02-03,41.55,3.816,20212.56,1991.38,46.67,11970.8,6876.57,190.1714927,8.424,False,2,2012,5,0,0,0,0,0
14,2012-09-03,45.52,3.848,15710.87,1050.48,1.49,2302.28,2702.96,190.3359973,8.424,False,9,2012,36,0,0,0,0,0
14,2012-01-06,74.48,3.742,7765.54,11.0,185.64,2473.3,2603.92,191.0091712,8.567,False,1,2012,1,0,0,0,0,0
14,2012-08-06,64.3,3.689,4636.1,570.2,172.7,1103.04,8024.53,191.0155329,8.567,False,8,2012,32,0,0,0,0,0
14,2012-06-07,82.99,3.475,7024.93,416.3,83.47,6927.24,6002.43,191.1338827,8.684,False,6,2012,23,0,0,0,0,0
14,2012-03-08,76.58,3.654,17465.29,37.82,110.8,13149.34,5089.95,191.16409,8.684,False,3,2012,10,0,0,0,0,0
14,2012-10-08,78.65,3.722,32432.09,23.68,32.44,4309.81,3570.81,191.1626135,8.684,False,10,2012,41,0,0,0,0,0
14,2012-07-09,75.7,3.911,6623.84,6.97,34.35,2720.17,5498.39,191.5776756,8.684,True,7,2012,28,0,0,0,0,0
14,2012-02-11,52.45,3.787,14502.36,27807.59,65.98,9137.86,10309.95,192.2869435,8.667,False,2,2012,6,0,0,0,0,0
14,2012-09-11,41.2,3.771,7505.03,13686.34,141.08,704.1,3790.53,192.2649882,8.667,False,9,2012,37,0,0,0,0,0
14,2013-04-01,32.87,3.592,4949.81,46315.84,18.38,388.47,4683.98,192.6596222,8.625,False,4,2013,14,0,0,0,0,0
14,2013-11-01,38.78,3.611,5186.45,26233.26,7.34,758.66,3343.6,192.7599801,8.625,False,11,2013,44,0,0,0,0,0
14,2013-01-02,34.92,3.615,15670.66,1125.57,1811.8,28494.45,2430.86,192.8678952,8.625,False,1,2013,1,0,0,0,0,0
14,2013-08-02,28.99,3.753,75522.86,903.11,205.18,35146.67,4340.72,192.8970893,8.625,True,8,2013,31,0,0,0,0,0
14,2013-01-03,39.72,3.89,16667.02,913.36,20.24,73.88,2601.07,193.1221731,8.625,False,1,2013,1,0,0,0,0,0
14,2013-08-03,36.13,3.86,23140.88,198.2,99.6,6288.14,4650.09,193.211524,8.625,False,8,2013,31,0,0,0,0,0
14,2013-05-04,43.94,3.763,13011.66,6422.57,438.51,1640.42,4059.25,193.5160471,8.335,False,5,2013,18,0,0,0,0,0
14,2013-12-04,57.39,3.724,10932.61,3011.97,79.46,2129.49,1628.89,193.589304,8.335,False,12,2013,49,0,0,0,0,0
15,2011-11-11,47.13,3.719,9727.57,4267.72,617.98,1236.64,2067.74,136.4618065,7.866,False,11,2011,45,0,0,0,0,0
15,2011-02-12,45.67,3.666,3751.34,191.82,6485.06,1803.17,16136.43,136.4909333,7.866,False,2,2011,6,0,0,0,0,0
15,2011-09-12,38.53,3.627,3581.98,193.94,75.62,1713.45,5227.94,136.5030667,7.866,False,9,2011,37,0,0,0,0,0
15,2012-06-01,30.24,3.585,5597.99,17413.82,18.8,646.2,3098.77,136.698129,7.943,False,6,2012,22,0,0,0,0,0
15,2012-03-02,35.3,3.796,25565.53,3425.96,56.72,19303.94,3230.99,137.0632581,7.943,False,3,2012,9,0,0,0,0,0
15,2012-10-02,31.91,3.826,5140.44,5527.21,10.39,9439.38,6371.82,137.1666774,7.943,True,10,2012,40,0,0,0,0,0
15,2012-02-03,33.24,3.983,11611.99,1749.22,27.4,7977.5,2327.04,137.4238966,7.943,False,2,2012,5,0,0,0,0,0
15,2012-09-03,36.97,4.021,7926.63,615.68,1.49,2126.98,2194.94,137.5066897,7.943,False,9,2012,36,0,0,0,0,0
15,2012-01-06,67.61,3.915,3762.0,22.8,41.98,1170.77,2160.94,138.1138065,8.15,False,1,2012,1,0,0,0,0,0
15,2012-08-06,59.35,3.871,4658.21,269.0,0.19,399.04,3998.9,138.1174194,8.15,False,8,2012,32,0,0,0,0,0
15,2012-06-07,74.64,3.646,4916.59,270.1,24.22,1747.41,2772.41,138.2296333,8.193,False,6,2012,23,0,0,0,0,0
15,2012-03-08,73.13,3.819,7251.41,216.62,0.48,4906.29,1420.37,138.1735806,8.193,False,3,2012,10,0,0,0,0,0
15,2012-10-08,73.99,3.863,15384.57,19.31,100.34,1649.99,1552.05,138.1437742,8.193,False,10,2012,41,0,0,0,0,0
15,2012-07-09,71.61,4.076,7925.48,13.2,15.69,1684.3,1941.32,138.4729355,8.193,True,7,2012,28,0,0,0,0,0
15,2012-02-11,47.36,3.97,4565.57,5904.29,9.0,1437.77,1226.03,138.6227097,7.992,False,2,2012,6,0,0,0,0,0
15,2012-09-11,36.32,3.947,3353.41,4293.32,38.06,340.26,1717.27,138.5172581,7.992,False,9,2012,37,0,0,0,0,0
15,2013-04-01,23.76,3.794,1914.12,21803.78,22.11,69.3,1386.44,138.5480645,8.036,False,4,2013,14,0,0,0,0,0
15,2013-11-01,33.36,3.802,4387.53,13895.83,8.39,31.8,1966.82,138.6079032,8.036,False,11,2013,44,0,0,0,0,0
15,2013-01-02,29.71,3.806,10356.61,1601.66,341.8,15824.52,830.83,138.7966129,8.036,False,1,2013,1,0,0,0,0,0
15,2013-08-02,21.64,3.945,46932.68,630.88,213.16,16829.47,2976.96,138.8598387,8.036,True,8,2013,31,0,0,0,0,0
15,2013-01-03,33.45,4.079,5780.05,246.9,1.2,985.73,1522.27,138.8684286,8.036,False,1,2013,1,0,0,0,0,0
15,2013-08-03,28.46,4.045,14988.68,145.72,6.83,5322.62,2893.24,138.8524286,8.036,False,8,2013,31,0,0,0,0,0
15,2013-05-04,36.51,3.954,10253.67,2141.9,344.22,1311.21,1921.28,139.0569032,7.806,False,5,2013,18,0,0,0,0,0
15,2013-12-04,42.94,3.914,5391.36,890.83,40.98,876.71,1188.55,139.1226129,7.806,False,12,2013,49,0,0,0,0,0
16,2011-11-11,29.56,3.505,5042.4,2193.04,200.11,3309.98,2743.18,195.6376941,6.232,False,11,2011,45,0,0,0,0,0
16,2011-02-12,27.83,3.378,516.47,61.0,944.52,9.0,7124.75,195.8223287,6.232,False,2,2011,6,0,0,0,0,0
16,2011-09-12,14.44,3.331,2229.52,28.0,73.7,1696.73,6465.69,195.8742575,6.232,False,9,2011,37,0,0,0,0,0
16,2012-06-01,26.49,3.095,443.59,5524.49,15.7,35.25,3296.96,196.5458309,6.162,False,6,2012,22,0,0,0,0,0
16,2012-03-02,25.53,3.031,32702.46,747.82,2.39,8063.07,2940.68,196.8728921,6.162,False,3,2012,9,0,0,0,0,0
16,2012-10-02,23.69,3.103,7247.14,985.13,0.45,9481.58,6298.1,196.9195056,6.162,True,10,2012,40,0,0,0,0,0
16,2012-09-03,28.16,3.286,5302.57,557.02,3.17,5974.36,3037.04,196.9631599,6.162,False,9,2012,36,0,0,0,0,0
16,2012-01-06,58.97,3.764,4078.25,22.4,60.41,98.46,968.96,197.6218954,6.169,False,1,2012,1,0,0,0,0,0
16,2012-08-06,65.43,3.741,3644.68,37.2,63.9,611.78,5520.95,197.6551863,6.169,False,8,2012,32,0,0,0,0,0
16,2012-06-07,70.49,3.646,1559.36,68.8,13.1,420.62,6013.75,197.8322195,6.061,False,6,2012,23,0,0,0,0,0
16,2012-10-08,70.24,3.509,7036.67,11.2,11.0,3031.99,2296.61,198.0795651,6.061,False,10,2012,41,0,0,0,0,0
16,2012-07-09,60.09,3.596,2291.22,-9.98,37.43,411.53,1576.74,198.0950484,6.061,True,7,2012,28,0,0,0,0,0
16,2012-02-11,38.2,3.604,2826.02,984.41,4.46,274.18,1411.99,199.2908671,5.847,False,2,2012,6,0,0,0,0,0
16,2012-09-11,39.39,3.545,1847.47,3777.37,7.06,465.91,4759.49,199.3622024,5.847,False,9,2012,37,0,0,0,0,0
16,2013-04-01,8.55,3.034,702.74,8630.01,16.6,115.54,1274.24,200.3940829,5.415,False,4,2013,14,0,0,0,0,0
16,2013-11-01,17.64,2.957,2134.52,4962.66,7.77,16.76,2543.65,200.6190912,5.415,False,11,2013,44,0,0,0,0,0
16,2013-01-02,28.1,2.998,2601.39,279.07,91.8,1988.48,1318.85,200.8919355,5.415,False,1,2013,1,0,0,0,0,0
16,2013-08-02,25.41,3.214,29842.81,247.22,61.72,16268.99,2222.53,200.968772,5.415,True,8,2013,31,0,0,0,0,0
16,2013-01-03,18.86,3.638,1036.49,186.48,1.6,27.91,776.27,201.1548374,5.415,False,1,2013,1,0,0,0,0,0
16,2013-08-03,32.51,3.624,8077.03,48.38,21.01,1029.14,1659.9,201.2122297,5.415,False,8,2013,31,0,0,0,0,0
16,2013-05-04,40.15,3.633,4260.6,2.25,179.82,209.59,2179.82,201.1131902,5.324,False,5,2013,18,0,0,0,0,0
16,2013-12-04,32.66,3.642,1777.31,17.29,27.59,157.47,1318.61,201.0705712,5.324,False,12,2013,49,0,0,0,0,0
17,2011-11-11,27.61,3.513,3935.0,4172.99,225.67,2515.61,3009.79,129.8167097,6.617,False,11,2011,45,0,0,0,0,0
17,2011-02-12,26.47,3.389,5562.36,222.94,16380.88,2303.32,17707.05,129.8459667,6.617,False,2,2011,6,0,0,0,0,0
17,2012-06-01,27.64,3.08,5185.45,12090.5,33.9,1490.06,4832.68,130.1575161,6.403,False,6,2012,22,0,0,0,0,0
17,2012-03-02,26.26,3.077,32793.78,5509.47,38.96,35785.26,4518.58,130.3496774,6.403,False,3,2012,9,0,0,0,0,0
17,2012-10-02,23.63,3.116,5658.48,13498.72,16.27,4292.59,6008.71,130.3849032,6.403,True,10,2012,40,0,0,0,0,0
17,2012-02-03,26.28,3.242,14469.08,1163.89,37.38,8771.3,2237.79,130.6457931,6.403,False,2,2012,5,0,0,0,0,0
17,2012-09-03,32.02,3.38,3944.86,104.91,2.16,550.85,3717.62,130.7413793,6.403,False,9,2012,36,0,0,0,0,0
17,2012-01-06,54.13,3.788,3996.22,25.0,31.8,1667.66,881.3,130.9592258,6.235,False,1,2012,1,0,0,0,0,0
17,2012-08-06,60.51,3.776,6233.58,140.2,328.34,763.88,4501.73,130.8896774,6.235,False,8,2012,32,0,0,0,0,0
17,2012-06-07,68.91,3.63,9824.36,128.0,25.38,3990.35,3618.23,130.7196333,5.936,False,6,2012,23,0,0,0,0,0
17,2012-03-08,72.94,3.512,13721.83,56.6,8.34,12343.79,1797.84,130.737871,5.936,False,3,2012,10,0,0,0,0,0
17,2012-10-08,73.29,3.509,3711.96,9.2,4.42,2316.51,1613.36,130.7561613,5.936,False,10,2012,41,0,0,0,0,0
17,2012-02-11,42.44,3.702,7478.97,8749.51,17.92,2157.65,851.55,131.2362258,5.527,False,2,2012,6,0,0,0,0,0
17,2012-09-11,42.61,3.663,21255.03,8427.53,25.52,556.83,1809.12,131.2793548,5.527,False,9,2012,37,0,0,0,0,0
17,2013-04-01,2.45,3.066,1878.66,24590.65,9.59,39.47,1809.83,131.852,5.275,False,4,2013,14,0,0,0,0,0
17,2013-11-01,16.27,2.982,3734.33,6076.96,5.66,40.81,1252.82,131.957,5.275,False,11,2013,44,0,0,0,0,0
17,2013-01-02,28.23,3.029,17447.15,696.14,123.2,26529.19,1695.28,132.1537097,5.275,False,1,2013,1,0,0,0,0,0
17,2013-08-02,26.01,3.192,72850.3,230.57,172.79,28593.78,4407.64,132.215129,5.275,True,8,2013,31,0,0,0,0,0
17,2013-01-03,20.33,3.521,2175.77,22.09,9.6,95.2,704.59,132.3675714,5.275,False,1,2013,1,0,0,0,0,0
17,2013-08-03,30.08,3.526,16526.87,29.92,52.31,4306.06,6176.34,132.4150714,5.275,False,8,2013,31,0,0,0,0,0
17,2013-05-04,48.5,3.547,9204.71,3375.4,160.76,1374.77,1386.85,132.6537742,5.213,False,5,2013,18,0,0,0,0,0
17,2013-12-04,41.34,3.576,3056.54,298.37,56.91,381.14,1908.6,132.7160968,5.213,False,12,2013,49,0,0,0,0,0
18,2011-11-11,45.69,3.57,15992.53,14793.25,213.79,2921.6,3231.9,136.4618065,8.471,False,11,2011,45,0,0,0,0,0
18,2011-02-12,46.25,3.501,4614.36,7.0,1389.17,2419.58,23235.01,136.4909333,8.471,False,2,2011,6,0,0,0,0,0
18,2011-09-12,42.36,3.47,5128.67,10.5,659.34,2773.46,6374.67,136.5030667,8.471,False,9,2011,37,0,0,0,0,0
18,2012-06-01,31.27,3.439,6196.77,43731.43,128.45,1653.17,8527.2,136.698129,8.075,False,6,2012,22,0,0,0,0,0
18,2012-03-02,37.62,3.633,19499.87,3227.0,424.44,43570.91,3158.83,137.0632581,8.075,False,3,2012,9,0,0,0,0,0
18,2012-10-02,32.83,3.655,36778.65,4105.7,222.56,16024.01,8840.68,137.1666774,8.075,True,10,2012,40,0,0,0,0,0
18,2012-02-03,33.59,3.827,26970.65,2430.78,152.58,28367.78,3625.67,137.4238966,8.075,False,2,2012,5,0,0,0,0,0
18,2012-09-03,38.1,3.876,7410.18,368.19,25.46,1852.39,2332.07,137.5066897,8.075,False,9,2012,36,0,0,0,0,0
18,2012-01-06,71.42,3.798,13525.26,1.2,36.26,1889.92,1629.62,138.1138065,8.304,False,1,2012,1,0,0,0,0,0
18,2012-08-06,59.1,3.746,9422.6,218.0,32.42,427.69,6113.61,138.1174194,8.304,False,8,2012,32,0,0,0,0,0
18,2012-06-07,76.08,3.538,7264.07,216.52,104.43,5508.05,4833.1,138.2296333,8.535,False,6,2012,23,0,0,0,0,0
18,2012-03-08,72.67,3.698,20286.36,66.83,46.62,17046.57,1583.43,138.1735806,8.535,False,3,2012,10,0,0,0,0,0
18,2012-10-08,75.7,3.772,20397.03,134.57,41.72,3800.38,2169.34,138.1437742,8.535,False,10,2012,41,0,0,0,0,0
18,2012-07-09,71.85,3.921,5817.03,3.0,99.56,346.88,4664.82,138.4729355,8.535,True,7,2012,28,0,0,0,0,0
18,2012-02-11,53.32,3.817,11861.01,12763.88,61.53,4984.07,1985.24,138.6227097,8.243,False,2,2012,6,0,0,0,0,0
18,2012-09-11,37.39,3.792,4560.54,8508.12,237.68,496.03,2514.94,138.5172581,8.243,False,9,2012,37,0,0,0,0,0
18,2013-04-01,23.66,3.577,6064.73,35695.29,18.86,99.4,1990.99,138.5480645,7.942,False,4,2013,14,0,0,0,0,0
18,2013-11-01,31.74,3.595,3019.84,25411.25,8.52,209.41,1628.16,138.6079032,7.942,False,11,2013,44,0,0,0,0,0
18,2013-01-02,29.18,3.608,28342.64,2968.99,237.52,42822.56,838.37,138.7966129,7.942,False,1,2013,1,0,0,0,0,0
18,2013-08-02,24.59,3.755,53005.3,1074.17,1611.28,41801.19,3714.86,138.8598387,7.942,True,8,2013,31,0,0,0,0,0
18,2013-01-03,35.8,3.885,4463.9,1107.58,2.4,502.0,1440.78,138.8684286,7.942,False,1,2013,1,0,0,0,0,0
18,2013-08-03,33.61,3.868,23835.52,246.29,66.6,8469.87,2126.06,138.8524286,7.942,False,8,2013,31,0,0,0,0,0
18,2013-05-04,40.65,3.772,14510.64,7334.26,261.1,2075.33,2048.18,139.0569032,7.788,False,5,2013,18,0,0,0,0,0
18,2013-12-04,47.92,3.723,2466.9,3499.1,42.14,456.36,1263.41,139.1226129,7.788,False,12,2013,49,0,0,0,0,0
19,2011-11-11,48.22,3.719,27064.58,16590.75,502.96,8568.62,6349.89,136.4618065,7.866,False,11,2011,45,0,0,0,0,0
19,2011-02-12,45.67,3.666,7197.6,239.76,9191.67,4716.48,28279.83,136.4909333,7.866,False,2,2011,6,0,0,0,0,0
19,2011-09-12,40.18,3.627,7210.8,9.5,481.91,4650.7,11954.56,136.5030667,7.866,False,9,2011,37,0,0,0,0,0
19,2012-06-01,31.84,3.585,9970.68,26073.98,233.88,1552.93,10335.05,136.698129,7.943,False,6,2012,22,0,0,0,0,0
19,2012-03-02,36.22,3.796,51879.66,6433.83,394.18,52739.02,6473.61,137.0632581,7.943,False,3,2012,9,0,0,0,0,0
19,2012-10-02,32.61,3.826,12739.73,8415.91,279.21,16150.68,7888.04,137.1666774,7.943,True,10,2012,40,0,0,0,0,0
19,2012-02-03,34.83,3.983,28177.29,3485.95,22.78,31324.8,2851.55,137.4238966,7.943,False,2,2012,5,0,0,0,0,0
19,2012-09-03,38.15,4.021,6724.01,745.75,2.68,1532.63,3952.89,137.5066897,7.943,False,9,2012,36,0,0,0,0,0
19,2012-04-05,50.76,4.124,21028.84,532.0,122.17,7269.47,2609.22,138.0332,8.15,False,4,2012,14,0,0,0,0,0
19,2012-01-06,68.18,3.915,8247.79,36.2,100.6,2171.48,4578.85,138.1138065,8.15,False,1,2012,1,0,0,0,0,0
19,2012-08-06,60.19,3.871,10625.25,292.4,51.96,2760.12,6219.56,138.1174194,8.15,False,8,2012,32,0,0,0,0,0
19,2012-06-07,76.07,3.646,10945.79,600.3,101.46,6664.35,7855.14,138.2296333,8.193,False,6,2012,23,0,0,0,0,0
19,2012-03-08,73.41,3.819,36466.8,220.13,41.77,16284.94,2242.89,138.1735806,8.193,False,3,2012,10,0,0,0,0,0
19,2012-10-08,74.45,3.863,6196.55,232.43,76.35,3086.53,3417.36,138.1437742,8.193,False,10,2012,41,0,0,0,0,0
19,2012-07-09,72.2,4.076,9053.47,27.41,22.94,1677.12,4844.18,138.4729355,8.193,True,7,2012,28,0,0,0,0,0
19,2012-02-11,46.81,3.97,11686.96,18053.48,88.94,5484.5,3833.76,138.6227097,7.992,False,2,2012,6,0,0,0,0,0
19,2012-09-11,36.61,3.947,10447.67,8347.01,63.02,555.28,5534.02,138.5172581,7.992,False,9,2012,37,0,0,0,0,0
19,2013-04-01,25.22,3.794,5497.5,38836.38,54.01,129.39,2633.63,138.5480645,8.036,False,4,2013,14,0,0,0,0,0
19,2013-11-01,34.91,3.802,4034.6,20543.56,16.34,27.73,4608.97,138.6079032,8.036,False,11,2013,44,0,0,0,0,0
19,2013-01-02,31.51,3.806,23355.16,2188.33,134.8,41847.94,1801.0,138.7966129,8.036,False,1,2013,1,0,0,0,0,0
19,2013-08-02,22.82,3.945,84139.36,1876.35,236.42,60065.82,5586.91,138.8598387,8.036,True,8,2013,31,0,0,0,0,0
19,2013-01-03,33.74,4.079,10332.93,552.02,211.38,93.68,1347.58,138.8684286,8.036,False,1,2013,1,0,0,0,0,0
19,2013-08-03,29.44,4.045,33815.05,344.23,72.18,11789.26,2869.89,138.8524286,8.036,False,8,2013,31,0,0,0,0,0
19,2013-05-04,36.94,3.954,11969.09,4974.43,447.22,2715.29,3252.21,139.0569032,7.806,False,5,2013,18,0,0,0,0,0
19,2013-12-04,43.78,3.914,9112.91,1907.65,31.63,4146.37,2285.07,139.1226129,7.806,False,12,2013,49,0,0,0,0,0
20,2011-11-11,47.27,3.53,34348.14,11652.84,549.25,9606.11,5472.37,210.9810201,7.082,False,11,2011,45,0,0,0,0,0
20,2011-02-12,46.32,3.452,10007.34,60.0,25959.98,6140.65,35675.62,211.6394306,7.082,False,2,2011,6,0,0,0,0,0
20,2011-09-12,41.64,3.415,9458.19,81.5,791.04,5254.23,11447.14,211.8667856,7.082,False,9,2011,37,0,0,0,0,0
20,2012-06-01,33.42,3.422,9273.46,45971.43,207.6,1365.38,5460.86,212.5711125,6.961,False,6,2012,22,0,0,0,0,0
20,2012-03-02,39.93,3.617,58928.52,8766.77,226.27,53603.99,8301.25,213.0236225,6.961,False,3,2012,9,0,0,0,0,0
20,2012-10-02,33.47,3.64,9804.0,13171.55,132.42,16864.33,7535.63,213.1186138,6.961,True,10,2012,40,0,0,0,0,0
20,2012-02-03,39.98,3.816,34117.01,3200.31,6.0,22275.03,4989.3,213.6718127,6.961,False,2,2012,5,0,0,0,0,0
20,2012-09-03,41.14,3.848,10686.42,750.14,3.67,3867.16,3518.62,213.8711137,6.961,False,9,2012,36,0,0,0,0,0
20,2012-06-04,50.06,3.996,8408.31,12.57,50.79,4289.46,7382.25,214.2387053,7.139,False,6,2012,23,0,0,0,0,0
20,2012-04-05,62.74,3.951,24594.6,496.0,38.52,9381.13,4648.85,214.4771081,7.139,False,4,2012,14,0,0,0,0,0
20,2012-01-06,73.67,3.742,12240.61,17.4,82.98,3560.21,3373.36,214.5513278,7.139,False,1,2012,1,0,0,0,0,0
20,2012-08-06,62.01,3.689,8353.32,516.6,46.76,2073.77,7774.31,214.5527132,7.139,False,8,2012,32,0,0,0,0,0
20,2012-06-07,79.2,3.475,13826.89,342.6,182.74,7751.95,3675.32,214.6873514,7.28,False,6,2012,23,0,0,0,0,0
20,2012-03-08,74.73,3.654,31549.63,83.64,40.76,25656.34,3188.65,214.7433514,7.28,False,3,2012,10,0,0,0,0,0
20,2012-10-08,75.4,3.722,16845.14,156.18,12.47,6921.28,6346.44,214.7484595,7.28,False,10,2012,41,0,0,0,0,0
20,2012-07-09,76.36,3.911,11783.56,-0.99,83.85,1938.4,3708.67,215.2189573,7.28,True,7,2012,28,0,0,0,0,0
20,2012-02-11,42.33,3.787,17072.75,7342.36,104.96,7887.46,7187.52,216.1567105,7.293,False,2,2012,6,0,0,0,0,0
20,2012-09-11,37.58,3.771,5806.16,7716.6,8.67,564.1,5567.68,216.1618309,7.293,False,9,2012,37,0,0,0,0,0
20,2013-04-01,26.12,3.592,2364.21,43243.22,38.67,100.14,3167.99,216.7064891,7.439,False,4,2013,14,0,0,0,0,0
20,2013-11-01,34.73,3.611,4029.28,12581.29,8.99,24.28,3014.43,216.8210096,7.439,False,11,2013,44,0,0,0,0,0
20,2013-01-02,35.43,3.615,29331.58,2781.22,289.4,40543.47,3462.85,216.8654246,7.439,False,1,2013,1,0,0,0,0,0
20,2013-08-02,25.38,3.753,95102.5,1725.48,263.56,56600.97,8522.7,216.8697332,7.439,True,8,2013,31,0,0,0,0,0
20,2013-01-03,34.88,3.89,12233.06,1716.47,8.64,286.35,1911.82,217.1652896,7.439,False,1,2013,1,0,0,0,0,0
20,2013-08-03,31.28,3.86,28108.16,446.02,136.05,12262.98,3644.31,217.293249,7.439,False,8,2013,31,0,0,0,0,0
20,2013-05-04,39.5,3.763,17172.3,11206.42,655.74,3383.67,4883.95,217.6588439,7.191,False,5,2013,18,0,0,0,0,0
20,2013-12-04,61.38,3.724,3982.53,5429.78,139.03,3443.12,2086.98,217.7422947,7.191,False,12,2013,49,0,0,0,0,0
21,2011-11-11,59.8,3.297,5522.33,7898.33,11.1,2489.99,7562.52,217.6455387,7.441,False,11,2011,45,0,0,0,0,0
21,2011-02-12,48.72,3.172,3389.1,43.0,1258.32,325.35,8623.67,218.3590319,7.441,False,2,2011,6,0,0,0,0,0
21,2011-09-12,41.44,3.158,6862.3,19.0,330.9,4746.58,17822.36,218.605037,7.441,False,9,2011,37,0,0,0,0,0
21,2012-06-01,48.1,3.157,2211.62,28369.34,7.74,753.62,3371.85,219.355063,7.057,False,6,2012,22,0,0,0,0,0
21,2012-03-02,55.83,3.36,24617.88,1598.17,41.45,25134.87,3110.22,219.8118854,7.057,False,3,2012,9,0,0,0,0,0
21,2012-10-02,46.52,3.409,26115.19,3985.95,13.1,16646.38,7628.83,219.9049073,7.057,True,10,2012,40,0,0,0,0,0
21,2012-02-03,59.3,3.63,14017.62,1076.98,7.07,8891.83,3182.63,220.4866886,7.057,False,2,2012,5,0,0,0,0,0
21,2012-09-03,57.16,3.669,7379.46,190.49,4.79,479.87,7489.48,220.6974332,7.057,False,9,2012,36,0,0,0,0,0
21,2012-08-06,79.47,3.452,7055.91,10.8,93.05,751.89,4570.78,221.3877467,6.891,False,8,2012,32,0,0,0,0,0
21,2012-06-07,85.26,3.227,6607.09,63.2,37.39,3667.62,3438.32,221.5215064,6.565,False,6,2012,23,0,0,0,0,0
21,2012-03-08,91.57,3.417,41897.36,26.8,5.27,18198.04,5735.86,221.5869799,6.565,False,3,2012,10,0,0,0,0,0
21,2012-10-08,89.57,3.494,8467.09,27.6,7.17,4045.91,4196.28,221.5954138,6.565,False,10,2012,41,0,0,0,0,0
21,2012-07-09,88.4,3.73,10259.59,20.0,8.12,2815.73,2279.98,222.0747635,6.565,True,7,2012,28,0,0,0,0,0
21,2012-02-11,56.96,3.386,13633.04,2829.64,8.7,8668.35,9265.51,223.0968655,6.17,False,2,2012,6,0,0,0,0,0
21,2012-09-11,63.81,3.314,5082.92,2833.74,7.3,706.76,3605.89,223.1153944,6.17,False,9,2012,37,0,0,0,0,0
21,2013-04-01,39.19,3.161,1574.1,37942.84,29.16,44.17,4635.32,223.7137989,6.237,False,4,2013,14,0,0,0,0,0
21,2013-11-01,47.52,3.243,4890.04,20083.96,3.21,870.65,6100.28,223.8342663,6.237,False,11,2013,44,0,0,0,0,0
21,2013-01-02,55.38,3.244,12468.46,828.48,901.0,16156.96,1015.16,223.8691966,6.237,False,1,2013,1,0,0,0,0,0
21,2013-08-02,57.87,3.417,69831.54,695.77,1073.6,49115.28,8586.08,223.8693849,6.237,True,8,2013,31,0,0,0,0,0
21,2013-01-03,46.28,3.711,16782.27,614.38,0.8,16.96,3786.08,224.198735,6.237,False,1,2013,1,0,0,0,0,0
21,2013-08-03,52.76,3.658,21126.98,166.22,10.12,7045.69,3996.0,224.3427668,6.237,False,8,2013,31,0,0,0,0,0
21,2013-05-04,58.8,3.583,19763.06,2545.96,139.76,1836.16,3473.83,224.7192583,6.112,False,5,2013,18,0,0,0,0,0
21,2013-12-04,61.27,3.529,9928.04,1749.72,10.77,1308.83,2536.69,224.8025314,6.112,False,12,2013,49,0,0,0,0,0
22,2011-11-11,47.8,3.57,12691.27,16756.86,435.92,3159.94,6275.41,140.4111613,7.706,False,11,2011,45,0,0,0,0,0
22,2012-06-01,34.61,3.439,5803.25,34453.8,22.94,1777.64,8239.01,140.6461359,7.503,False,6,2012,22,0,0,0,0,0
22,2012-03-02,40.58,3.633,88646.76,5196.77,27.71,57815.43,8823.94,141.0161924,7.503,False,3,2012,9,0,0,0,0,0
22,2012-10-02,35.68,3.655,10155.75,6392.28,3.34,9811.63,5448.98,141.1199827,7.503,True,10,2012,40,0,0,0,0,0
22,2012-02-03,37.47,3.827,28298.18,3333.76,89.58,25615.48,3141.76,141.3875357,7.503,False,2,2012,5,0,0,0,0,0
22,2012-09-03,41.72,3.876,7634.61,348.71,0.5,1351.75,5563.8,141.4742857,7.503,False,9,2012,36,0,0,0,0,0
22,2012-01-06,70.01,3.798,16432.28,7.6,73.36,3723.8,3331.57,142.1095438,7.671,False,1,2012,1,0,0,0,0,0
22,2012-08-06,61.71,3.746,18261.32,142.4,19.79,3041.13,4316.44,142.1158099,7.671,False,8,2012,32,0,0,0,0,0
22,2012-06-07,77.41,3.538,10677.48,296.2,12.79,6485.38,3465.23,142.2234298,7.753,False,6,2012,23,0,0,0,0,0
22,2012-03-08,72.99,3.698,35383.88,88.92,27.32,18389.63,3237.41,142.1916279,7.753,False,3,2012,10,0,0,0,0,0
22,2012-10-08,76.74,3.772,7212.77,22.87,15.43,2623.17,1906.3,142.1705634,7.753,False,10,2012,41,0,0,0,0,0
22,2012-07-09,73.3,3.921,12941.56,4.0,37.34,2510.1,3346.55,142.500303,7.753,True,7,2012,28,0,0,0,0,0
22,2012-02-11,54.55,3.817,8793.36,10347.53,5.62,7350.89,801.32,142.6614597,7.543,False,2,2012,6,0,0,0,0,0
22,2012-09-11,40.0,3.792,5336.45,9058.0,33.59,614.06,3508.0,142.5605081,7.543,False,9,2012,37,0,0,0,0,0
22,2013-04-01,29.43,3.577,1701.21,32204.65,16.2,194.0,1590.59,142.6019205,7.328,False,4,2013,14,0,0,0,0,0
22,2013-11-01,36.36,3.595,2715.05,17233.65,4.34,138.75,1997.23,142.6653157,7.328,False,11,2013,44,0,0,0,0,0
22,2013-01-02,32.63,3.608,19102.16,1403.25,-89.1,43742.76,1549.09,142.8680657,7.328,False,1,2013,1,0,0,0,0,0
22,2013-08-02,27.69,3.755,69391.99,653.35,259.84,43631.94,3458.3,142.9360899,7.328,True,8,2013,31,0,0,0,0,0
22,2013-01-03,38.37,3.885,2454.71,640.92,18.14,95.01,1146.29,142.9600459,7.328,False,1,2013,1,0,0,0,0,0
22,2013-08-03,35.39,3.868,22078.63,90.09,36.37,8168.4,1459.36,142.9492691,7.328,False,8,2013,31,0,0,0,0,0
22,2013-05-04,41.85,3.772,9579.66,5468.24,418.52,1560.1,1709.89,143.1550899,7.176,False,5,2013,18,0,0,0,0,0
22,2013-12-04,49.5,3.723,6979.9,1768.58,30.05,1147.11,1879.41,143.2200737,7.176,False,12,2013,49,0,0,0,0,0
23,2011-11-11,44.04,3.57,9157.72,9619.31,286.88,3834.44,3543.37,136.4618065,4.42,False,11,2011,45,0,0,0,0,0
23,2011-02-12,43.6,3.501,6134.68,50.47,8734.68,5080.3,20441.81,136.4909333,4.42,False,2,2011,6,0,0,0,0,0
23,2012-06-01,24.29,3.439,4230.07,34854.95,38.18,2408.34,3931.61,136.698129,4.261,False,6,2012,22,0,0,0,0,0
23,2012-03-02,29.71,3.633,35688.59,6055.11,132.8,43218.61,5335.65,137.0632581,4.261,False,3,2012,9,0,0,0,0,0
23,2012-10-02,26.6,3.655,8770.83,8403.67,56.54,9800.67,6133.9,137.1666774,4.261,True,10,2012,40,0,0,0,0,0
23,2012-02-03,25.91,3.827,29917.01,4311.34,32.93,23421.73,2723.0,137.4238966,4.261,False,2,2012,5,0,0,0,0,0
23,2012-09-03,33.11,3.876,8575.57,1125.61,5.08,4365.63,2742.87,137.5066897,4.261,False,9,2012,36,0,0,0,0,0
23,2012-01-06,66.22,3.798,4238.85,92.2,61.64,1401.23,2312.38,138.1138065,4.125,False,1,2012,1,0,0,0,0,0
23,2012-08-06,56.82,3.746,7565.4,503.4,220.02,2581.42,6208.43,138.1174194,4.125,False,8,2012,32,0,0,0,0,0
23,2012-06-07,70.86,3.538,6918.05,103.8,26.79,6112.89,5184.17,138.2296333,4.156,False,6,2012,23,0,0,0,0,0
23,2012-03-08,71.51,3.698,2030.27,77.84,25.26,1810.24,1863.72,138.1735806,4.156,False,3,2012,10,0,0,0,0,0
23,2012-10-08,71.12,3.772,23983.92,144.9,106.86,13110.54,4860.8,138.1437742,4.156,False,10,2012,41,0,0,0,0,0
23,2012-07-09,66.74,3.921,13578.43,91.22,85.23,1288.27,4827.11,138.4729355,4.156,True,7,2012,28,0,0,0,0,0
23,2012-02-11,51.88,3.817,10193.06,15530.99,101.46,7331.85,3121.88,138.6227097,4.145,False,2,2012,6,0,0,0,0,0
23,2012-09-11,33.21,3.792,6666.07,12333.44,55.46,378.43,1535.97,138.5172581,4.145,False,9,2012,37,0,0,0,0,0
23,2013-04-01,12.27,3.577,2827.22,42920.21,104.62,8.0,5590.76,138.5480645,3.932,False,4,2013,14,0,0,0,0,0
23,2013-11-01,26.3,3.595,2680.8,31738.61,21.8,26.82,2753.57,138.6079032,3.932,False,11,2013,44,0,0,0,0,0
23,2013-01-02,22.1,3.608,26536.25,1716.26,74.1,49781.21,1938.48,138.7966129,3.932,False,1,2013,1,0,0,0,0,0
23,2013-08-02,14.94,3.755,77017.24,407.32,453.2,49809.3,4834.74,138.8598387,3.932,True,8,2013,31,0,0,0,0,0
23,2013-01-03,32.68,3.885,2573.35,1388.9,0.4,28.0,1979.19,138.8684286,3.932,False,1,2013,1,0,0,0,0,0
23,2013-08-03,28.49,3.868,24141.13,168.8,29.03,12336.26,2166.83,138.8524286,3.932,False,8,2013,31,0,0,0,0,0
23,2013-05-04,35.96,3.772,15085.79,4569.13,185.91,2067.42,2092.26,139.0569032,3.684,False,5,2013,18,0,0,0,0,0
23,2013-12-04,39.54,3.723,3351.11,4315.25,73.52,1882.0,1737.99,139.1226129,3.684,False,12,2013,49,0,0,0,0,0
24,2011-11-11,46.78,3.719,9391.17,20595.49,686.11,5950.16,6034.65,136.4618065,8.454,False,11,2011,45,0,0,0,0,0
24,2011-02-12,47.21,3.666,4825.79,126.88,1601.23,6002.36,19966.73,136.4909333,8.454,False,2,2011,6,0,0,0,0,0
24,2012-06-01,32.86,3.585,7325.68,25367.9,203.51,1745.2,3261.35,136.698129,8.659,False,6,2012,22,0,0,0,0,0
24,2012-03-02,38.61,3.796,65021.23,4189.09,254.01,47452.43,7146.25,137.0632581,8.659,False,3,2012,9,0,0,0,0,0
24,2012-10-02,33.82,3.826,11788.06,6777.04,73.29,11571.69,4451.85,137.1666774,8.659,True,10,2012,40,0,0,0,0,0
24,2012-02-03,35.36,3.983,5903.53,3495.48,18.15,110.37,3688.64,137.4238966,8.659,False,2,2012,5,0,0,0,0,0
24,2012-09-03,41.5,4.021,21306.54,1190.23,2.49,34839.93,3932.94,137.5066897,8.659,False,9,2012,36,0,0,0,0,0
24,2012-04-05,52.14,4.124,19129.69,192.0,195.04,5860.88,4953.15,138.0332,8.983,False,4,2012,14,0,0,0,0,0
24,2012-11-05,58.7,4.055,6503.15,-192.0,97.28,1798.06,1286.62,138.0882667,8.983,False,11,2012,45,0,0,0,0,0
24,2012-01-06,71.79,3.915,5320.71,42.2,204.43,883.54,2374.74,138.1138065,8.983,False,1,2012,1,0,0,0,0,0
24,2012-08-06,59.93,3.871,15742.14,250.6,35.76,3050.95,7604.47,138.1174194,8.983,False,8,2012,32,0,0,0,0,0
24,2012-06-07,77.18,3.646,2920.43,559.3,181.49,1218.55,3889.14,138.2296333,8.953,False,6,2012,23,0,0,0,0,0
24,2012-03-08,73.26,3.819,11887.54,557.1,138.39,9345.76,2781.67,138.1735806,8.953,False,3,2012,10,0,0,0,0,0
24,2012-10-08,75.53,3.863,37938.11,798.52,178.81,12823.7,5682.73,138.1437742,8.953,False,10,2012,41,0,0,0,0,0
24,2012-07-09,72.81,4.076,15092.87,60.92,89.01,2756.36,4563.61,138.4729355,8.953,True,7,2012,28,0,0,0,0,0
24,2012-02-11,52.73,3.97,8313.92,11811.73,63.68,3537.32,4877.52,138.6227097,8.693,False,2,2012,6,0,0,0,0,0
24,2012-09-11,38.21,3.947,8076.39,5372.88,9.64,2701.13,3827.64,138.5172581,8.693,False,9,2012,37,0,0,0,0,0
24,2013-04-01,25.19,3.794,4003.39,31311.4,45.78,55.46,3545.98,138.5480645,8.75,False,4,2013,14,0,0,0,0,0
24,2013-11-01,32.93,3.802,4802.99,25691.42,9.33,240.11,3571.6,138.6079032,8.75,False,11,2013,44,0,0,0,0,0
24,2013-01-02,30.77,3.806,16578.16,3771.2,248.7,36615.03,1773.02,138.7966129,8.75,False,1,2013,1,0,0,0,0,0
24,2013-08-02,24.78,3.945,67978.21,3160.58,510.7,56735.25,6406.18,138.8598387,8.75,True,8,2013,31,0,0,0,0,0
24,2013-01-03,36.25,4.079,7463.25,1240.37,0.8,3203.05,1626.23,138.8684286,8.75,False,1,2013,1,0,0,0,0,0
24,2013-08-03,34.0,4.045,25493.43,589.16,28.38,12134.86,3029.84,138.8524286,8.75,False,8,2013,31,0,0,0,0,0
24,2013-05-04,41.09,3.954,11628.38,6169.32,317.18,4239.74,2843.86,139.0569032,8.362,False,5,2013,18,0,0,0,0,0
24,2013-12-04,49.38,3.914,4629.04,1215.02,65.54,3291.28,1867.73,139.1226129,8.362,False,12,2013,49,0,0,0,0,0
25,2011-11-11,44.81,3.53,7642.65,8851.65,196.09,3286.86,3287.36,210.9810201,7.082,False,11,2011,45,0,0,0,0,0
25,2011-02-12,42.85,3.452,3425.95,34.0,1200.12,4106.92,15164.5,211.6394306,7.082,False,2,2011,6,0,0,0,0,0
25,2011-09-12,38.69,3.415,5549.98,64.0,256.97,2761.65,8753.69,211.8667856,7.082,False,9,2011,37,0,0,0,0,0
25,2012-06-01,30.23,3.422,8642.2,26833.97,25.94,1092.98,3714.33,212.5711125,6.961,False,6,2012,22,0,0,0,0,0
25,2012-03-02,34.98,3.617,38223.59,4566.23,21.92,42448.94,5621.09,213.0236225,6.961,False,3,2012,9,0,0,0,0,0
25,2012-10-02,32.47,3.64,17655.4,5620.25,12.82,16909.35,6645.05,213.1186138,6.961,True,10,2012,40,0,0,0,0,0
25,2012-02-03,36.01,3.816,14860.09,3050.12,21.38,12085.01,1327.97,213.6718127,6.961,False,2,2012,5,0,0,0,0,0
25,2012-09-03,37.44,3.848,11412.9,944.64,0.7,13264.83,3951.01,213.8711137,6.961,False,9,2012,36,0,0,0,0,0
25,2012-01-06,69.54,3.742,6667.97,38.4,40.85,544.94,2765.31,214.5513278,7.139,False,1,2012,1,0,0,0,0,0
25,2012-08-06,58.48,3.689,9024.73,207.4,64.04,2897.69,4748.56,214.5527132,7.139,False,8,2012,32,0,0,0,0,0
25,2012-06-07,75.52,3.475,7926.21,399.7,40.32,4541.86,4619.98,214.6873514,7.28,False,6,2012,23,0,0,0,0,0
25,2012-03-08,72.08,3.654,14653.91,1155.02,13.07,10978.83,2021.96,214.7433514,7.28,False,3,2012,10,0,0,0,0,0
25,2012-10-08,71.93,3.722,21796.09,67.99,5.1,14696.25,3555.23,214.7484595,7.28,False,10,2012,41,0,0,0,0,0
25,2012-07-09,72.79,3.911,15308.07,0.0,22.06,5643.24,1903.09,215.2189573,7.28,True,7,2012,28,0,0,0,0,0
25,2012-02-11,40.83,3.787,12435.08,16493.02,55.19,1165.36,1144.39,216.1567105,7.293,False,2,2012,6,0,0,0,0,0
25,2012-09-11,34.59,3.771,8241.47,4602.35,140.59,2798.74,2750.2,216.1618309,7.293,False,9,2012,37,0,0,0,0,0
25,2013-04-01,22.62,3.592,1110.97,21678.98,4.88,84.58,2257.32,216.7064891,7.439,False,4,2013,14,0,0,0,0,0
25,2013-11-01,33.27,3.611,4639.99,8520.81,4.66,150.09,2535.14,216.8210096,7.439,False,11,2013,44,0,0,0,0,0
25,2013-01-02,32.57,3.615,16999.41,603.41,244.2,24224.34,855.25,216.8654246,7.439,False,1,2013,1,0,0,0,0,0
25,2013-08-02,23.08,3.753,48279.58,252.55,167.02,24939.8,2566.96,216.8697332,7.439,True,8,2013,31,0,0,0,0,0
25,2013-01-03,31.95,3.89,4921.26,81.87,1.2,571.51,822.23,217.1652896,7.439,False,1,2013,1,0,0,0,0,0
25,2013-08-03,28.79,3.86,20996.56,-3.27,17.57,3982.88,1833.43,217.293249,7.439,False,8,2013,31,0,0,0,0,0
25,2013-05-04,36.75,3.763,13525.91,3245.99,165.01,1109.08,1475.49,217.6588439,7.191,False,5,2013,18,0,0,0,0,0
25,2013-12-04,56.08,3.724,3881.79,1981.72,29.77,798.01,850.22,217.7422947,7.191,False,12,2013,49,0,0,0,0,0
26,2011-11-11,40.08,3.57,7174.09,6889.46,292.44,1581.44,2399.33,136.4618065,7.598,False,11,2011,45,0,0,0,0,0
26,2011-02-12,36.74,3.501,3343.0,9.0,955.74,1187.26,14774.79,136.4909333,7.598,False,2,2011,6,0,0,0,0,0
26,2011-09-12,34.24,3.47,4980.07,19.0,144.13,1669.69,6055.33,136.5030667,7.598,False,9,2011,37,0,0,0,0,0
26,2012-06-01,22.94,3.439,3352.77,17442.27,117.1,468.31,6344.32,136.698129,7.467,False,6,2012,22,0,0,0,0,0
26,2012-03-02,25.24,3.633,35421.34,1596.92,74.14,20234.78,6541.84,137.0632581,7.467,False,3,2012,9,0,0,0,0,0
26,2012-10-02,23.89,3.655,5858.94,2569.2,13.42,5936.74,5874.01,137.1666774,7.467,True,10,2012,40,0,0,0,0,0
26,2012-02-03,22.49,3.827,20215.36,1400.8,7.35,15485.84,2581.11,137.4238966,7.467,False,2,2012,5,0,0,0,0,0
26,2012-09-03,29.03,3.876,4540.15,480.42,1.98,387.57,3900.33,137.5066897,7.467,False,9,2012,36,0,0,0,0,0
26,2012-01-06,58.51,3.798,4810.9,3.0,110.44,662.3,2964.12,138.1138065,7.489,False,1,2012,1,0,0,0,0,0
26,2012-08-06,49.43,3.746,7908.98,54.6,16.57,689.29,4172.84,138.1174194,7.489,False,8,2012,32,0,0,0,0,0
26,2012-06-07,64.94,3.538,4894.97,230.0,19.39,3309.33,5437.93,138.2296333,7.405,False,6,2012,23,0,0,0,0,0
26,2012-03-08,65.6,3.698,28330.0,49.21,42.09,8478.97,3544.06,138.1735806,7.405,False,3,2012,10,0,0,0,0,0
26,2012-10-08,67.01,3.772,5732.23,17.6,6.45,1524.63,2439.95,138.1437742,7.405,False,10,2012,41,0,0,0,0,0
26,2012-07-09,61.58,3.921,4133.77,6.0,72.78,526.42,3514.48,138.4729355,7.405,True,7,2012,28,0,0,0,0,0
26,2012-02-11,48.67,3.817,6408.11,8616.07,51.82,1288.17,2064.51,138.6227097,7.138,False,2,2012,6,0,0,0,0,0
26,2012-09-11,32.72,3.792,4842.66,3083.37,27.52,274.07,3595.5,138.5172581,7.138,False,9,2012,37,0,0,0,0,0
26,2013-04-01,11.17,3.577,1019.69,28472.93,3.26,99.49,3230.19,138.5480645,7.097,False,4,2013,14,0,0,0,0,0
26,2013-11-01,22.01,3.595,3331.81,13502.12,2.32,12.78,2271.66,138.6079032,7.097,False,11,2013,44,0,0,0,0,0
26,2013-01-02,21.46,3.608,14747.64,655.99,30.98,16822.27,3281.87,138.7966129,7.097,False,1,2013,1,0,0,0,0,0
26,2013-08-02,12.14,3.755,40985.01,518.16,332.74,16868.38,2852.91,138.8598387,7.097,True,8,2013,31,0,0,0,0,0
26,2013-01-03,26.49,3.885,1699.44,190.0,18.0,133.09,2525.41,138.8684286,7.097,False,1,2013,1,0,0,0,0,0
26,2013-08-03,26.62,3.868,17853.54,98.56,25.47,3571.47,3716.37,138.8524286,7.097,False,8,2013,31,0,0,0,0,0
26,2013-05-04,29.42,3.772,9549.4,3449.11,246.53,624.4,4702.57,139.0569032,6.884,False,5,2013,18,0,0,0,0,0
26,2013-12-04,33.95,3.723,2818.7,700.38,43.1,565.42,1591.69,139.1226129,6.884,False,12,2013,49,0,0,0,0,0
27,2011-11-11,49.69,3.719,10710.56,44021.61,475.3,4235.07,4920.65,140.4111613,7.906,False,11,2011,45,0,0,0,0,0
27,2011-02-12,50.55,3.666,5369.61,294.47,7008.02,3692.11,33247.0,140.4307857,7.906,False,2,2011,6,0,0,0,0,0
27,2011-09-12,46.28,3.627,4072.48,48.0,1800.87,1796.01,8867.17,140.4397857,7.906,False,9,2011,37,0,0,0,0,0
27,2012-06-01,35.8,3.585,9235.59,29675.22,526.36,2399.37,6290.52,140.6461359,8.009,False,6,2012,22,0,0,0,0,0
27,2012-03-02,42.52,3.796,62172.73,6256.0,530.81,67474.85,6129.6,141.0161924,8.009,False,3,2012,9,0,0,0,0,0
27,2012-10-02,37.86,3.826,15591.32,6206.22,249.82,14000.53,8024.91,141.1199827,8.009,True,10,2012,40,0,0,0,0,0
27,2012-02-03,40.07,3.983,28652.29,3088.37,109.25,35364.08,4464.45,141.3875357,8.009,False,2,2012,5,0,0,0,0,0
27,2012-09-03,44.32,4.021,14171.85,917.3,2.2,3614.57,4582.1,141.4742857,8.009,False,9,2012,36,0,0,0,0,0
27,2012-01-06,73.4,3.915,10283.49,31.2,245.41,4069.79,2775.35,142.1095438,8.253,False,1,2012,1,0,0,0,0,0
27,2012-08-06,64.05,3.871,12921.09,414.6,95.99,1666.88,7819.11,142.1158099,8.253,False,8,2012,32,0,0,0,0,0
27,2012-06-07,82.08,3.646,12579.0,303.6,217.95,8280.23,7999.22,142.2234298,8.239,False,6,2012,23,0,0,0,0,0
27,2012-03-08,75.22,3.819,39317.03,194.67,64.32,25462.22,3161.43,142.1916279,8.239,False,3,2012,10,0,0,0,0,0
27,2012-10-08,78.44,3.863,5892.89,148.66,14.01,4147.47,5611.07,142.1705634,8.239,False,10,2012,41,0,0,0,0,0
27,2012-07-09,76.0,4.076,18992.1,56.16,118.16,4511.15,7235.18,142.500303,8.239,True,7,2012,28,0,0,0,0,0
27,2012-02-11,54.44,3.97,13125.35,13340.62,32.81,6669.47,718.46,142.6614597,8.0,False,2,2012,6,0,0,0,0,0
27,2012-09-11,41.06,3.947,7490.34,20667.93,204.5,693.02,2912.62,142.5605081,8.0,False,9,2012,37,0,0,0,0,0
27,2013-04-01,32.23,3.794,7701.72,49026.3,56.77,64.25,3763.34,142.6019205,7.945,False,4,2013,14,0,0,0,0,0
27,2013-11-01,39.49,3.802,4089.24,30552.82,17.44,1337.06,2386.07,142.6653157,7.945,False,11,2013,44,0,0,0,0,0
27,2013-01-02,34.17,3.806,26226.09,2773.71,52.0,51587.03,3215.4,142.8680657,7.945,False,1,2013,1,0,0,0,0,0
27,2013-08-02,28.67,3.945,65996.68,1098.51,188.58,38065.62,3295.95,142.9360899,7.945,True,8,2013,31,0,0,0,0,0
27,2013-01-03,39.9,4.079,7118.91,1066.15,0.36,189.88,1329.77,142.9600459,7.945,False,1,2013,1,0,0,0,0,0
27,2013-08-03,36.11,4.045,15232.2,397.96,71.9,6609.0,2614.03,142.9492691,7.945,False,8,2013,31,0,0,0,0,0
27,2013-05-04,43.78,3.954,16900.93,8685.88,429.4,1919.44,3231.21,143.1550899,7.697,False,5,2013,18,0,0,0,0,0
27,2013-12-04,53.28,3.914,9303.85,6759.23,74.36,2471.53,1389.71,143.2200737,7.697,False,12,2013,49,0,0,0,0,0
28,2011-11-11,48.76,3.824,22860.64,12223.82,343.77,20834.37,9895.33,129.8167097,12.89,False,11,2011,45,0,0,0,0,0
28,2011-02-12,52.5,3.701,10392.61,75.0,2241.11,6243.02,19374.19,129.8459667,12.89,False,2,2011,6,0,0,0,0,0
28,2011-09-12,42.17,3.644,6628.73,21.0,140.19,6168.78,14073.59,129.8555333,12.89,False,9,2011,37,0,0,0,0,0
28,2012-06-01,50.43,3.599,5155.86,19549.51,218.29,636.73,5218.5,130.1575161,12.187,False,6,2012,22,0,0,0,0,0
28,2012-03-02,50.58,3.702,44998.1,3682.17,182.6,39241.63,16008.79,130.3496774,12.187,False,3,2012,9,0,0,0,0,0
28,2012-10-02,52.27,3.722,20097.48,2774.5,66.42,16822.46,8228.86,130.3849032,12.187,True,10,2012,40,0,0,0,0,0
28,2012-02-03,52.27,4.178,23765.08,872.4,3.5,12645.96,4736.14,130.6457931,12.187,False,2,2012,5,0,0,0,0,0
28,2012-09-03,54.54,4.25,11431.91,101.02,6.93,2060.55,9332.74,130.7413793,12.187,False,9,2012,36,0,0,0,0,0
28,2012-11-05,77.27,4.186,14847.64,392.0,84.72,4190.88,5556.15,131.1453333,11.627,False,11,2012,45,0,0,0,0,0
28,2012-08-06,84.83,4.103,9026.85,101.2,-29.1,833.67,11752.37,130.8896774,11.627,False,8,2012,32,0,0,0,0,0
28,2012-06-07,89.13,3.765,5618.88,98.6,111.79,2513.36,6421.05,130.7196333,10.926,False,6,2012,23,0,0,0,0,0
28,2012-03-08,88.16,3.76,27801.87,28.5,76.11,8969.45,5970.49,130.737871,10.926,False,3,2012,10,0,0,0,0,0
28,2012-10-08,95.91,3.811,8364.4,69.48,30.01,4158.02,3050.7,130.7561613,10.926,False,10,2012,41,0,0,0,0,0
28,2012-07-09,88.52,4.124,7046.94,43.42,66.08,701.38,11100.55,130.9325484,10.926,True,7,2012,28,0,0,0,0,0
28,2012-02-11,63.22,4.099,9765.35,6729.72,43.82,4608.92,7092.27,131.2362258,10.199,False,2,2012,6,0,0,0,0,0
28,2012-09-11,65.31,3.951,11066.79,7689.39,25.88,2816.22,6764.59,131.2793548,10.199,False,9,2012,37,0,0,0,0,0
28,2013-04-01,38.8,3.51,1529.2,28399.98,17.51,15.74,4848.03,131.852,9.91,False,4,2013,14,0,0,0,0,0
28,2013-11-01,44.59,3.542,6311.91,9225.86,4.4,241.02,5898.01,131.957,9.91,False,11,2013,44,0,0,0,0,0
28,2013-01-02,49.54,3.6,13456.32,951.31,110.42,17469.41,2236.52,132.1537097,9.91,False,1,2013,1,0,0,0,0,0
28,2013-08-02,54.96,3.795,63800.33,449.78,486.62,36592.8,3939.02,132.215129,9.91,True,8,2013,31,0,0,0,0,0
28,2013-01-03,48.08,4.109,3857.41,213.47,4.12,332.82,5674.71,132.3675714,9.91,False,1,2013,1,0,0,0,0,0
28,2013-08-03,60.4,3.874,24400.83,85.89,103.31,7412.67,45648.88,132.4150714,9.91,False,8,2013,31,0,0,0,0,0
28,2013-05-04,69.47,3.998,14572.76,7502.43,300.04,1730.03,3466.27,132.6537742,9.874,False,5,2013,18,0,0,0,0,0
28,2013-12-04,65.6,3.981,4519.29,4590.85,46.85,2597.41,2875.3,132.7160968,9.874,False,12,2013,49,0,0,0,0,0
29,2011-11-11,47.8,3.57,8394.65,7331.95,200.28,1292.58,2786.42,136.4618065,9.357,False,11,2011,45,0,0,0,0,0
29,2012-06-01,34.61,3.439,4557.94,13427.99,9.56,550.78,2053.68,136.698129,8.988,False,6,2012,22,0,0,0,0,0
29,2012-03-02,40.58,3.633,23656.27,2347.13,110.26,11641.23,2548.96,137.0632581,8.988,False,3,2012,9,0,0,0,0,0
29,2012-10-02,35.68,3.655,15679.67,2427.87,4.36,4775.31,4026.33,137.1666774,8.988,True,10,2012,40,0,0,0,0,0
29,2012-02-03,37.47,3.827,12783.88,800.94,1.09,6884.75,1699.2,137.4238966,8.988,False,2,2012,5,0,0,0,0,0
29,2012-08-06,61.71,3.746,5777.3,117.2,23.9,440.62,3946.59,138.1174194,9.14,False,8,2012,32,0,0,0,0,0
29,2012-06-07,77.41,3.538,5782.33,132.2,30.11,1918.9,4059.51,138.2296333,9.419,False,6,2012,23,0,0,0,0,0
29,2012-10-08,76.74,3.772,27921.89,341.19,9.08,1673.62,1983.79,138.1437742,9.419,False,10,2012,41,0,0,0,0,0
29,2012-07-09,73.3,3.921,6434.83,49.02,42.16,1096.81,3319.92,138.4729355,9.419,True,7,2012,28,0,0,0,0,0
29,2012-02-11,54.55,3.817,6161.11,3333.61,17.84,1281.79,807.58,138.6227097,9.151,False,2,2012,6,0,0,0,0,0
29,2012-09-11,40.0,3.792,2365.7,3554.12,38.94,493.37,1049.91,138.5172581,9.151,False,9,2012,37,0,0,0,0,0
29,2013-04-01,29.43,3.577,2196.2,14286.35,0.82,42.96,2531.07,138.5480645,8.951,False,4,2013,14,0,0,0,0,0
29,2013-11-01,36.36,3.595,908.65,7854.23,2.66,69.22,1126.49,138.6079032,8.951,False,11,2013,44,0,0,0,0,0
29,2013-01-02,32.63,3.608,6803.76,1190.61,5.1,4060.16,149.87,138.7966129,8.951,False,1,2013,1,0,0,0,0,0
29,2013-08-02,27.69,3.755,42893.1,354.67,146.7,18264.03,1146.15,138.8598387,8.951,True,8,2013,31,0,0,0,0,0
29,2013-01-03,38.37,3.885,2430.08,327.78,1.2,125.22,598.99,138.8684286,8.951,False,1,2013,1,0,0,0,0,0
29,2013-08-03,35.39,3.868,15921.42,143.4,1.79,2243.32,1381.64,138.8524286,8.951,False,8,2013,31,0,0,0,0,0
29,2013-05-04,41.85,3.772,10522.37,1250.96,100.58,1277.17,1335.89,139.0569032,8.78,False,5,2013,18,0,0,0,0,0
29,2013-12-04,49.5,3.723,3169.9,322.07,65.6,480.59,1050.29,139.1226129,8.78,False,12,2013,49,0,0,0,0,0
30,2012-06-01,48.1,3.157,594.21,1905.66,91.16,4.92,855.1,219.355063,7.057,False,6,2012,22,0,0,0,0,0
30,2012-03-02,55.83,3.36,843.22,2.82,64.81,192.66,2393.21,219.8118854,7.057,False,3,2012,9,0,0,0,0,0
30,2012-02-03,59.3,3.63,1080.76,0.02,1.39,63.5,1031.3,220.4866886,7.057,False,2,2012,5,0,0,0,0,0
30,2013-01-02,55.38,3.244,1019.93,11.72,16.6,36.53,647.71,223.8691966,6.237,False,1,2013,1,0,0,0,0,0
30,2013-08-02,57.87,3.417,1954.39,14.6,7.21,4.46,1173.96,223.8693849,6.237,True,8,2013,31,0,0,0,0,0
30,2013-12-04,61.27,3.529,656.65,559.7,1.33,56.7,683.06,224.8025314,6.112,False,12,2013,49,0,0,0,0,0
31,2011-11-11,59.8,3.297,25879.08,8716.86,163.33,3983.24,7898.07,217.6455387,7.441,False,11,2011,45,0,0,0,0,0
31,2011-02-12,48.72,3.172,5425.3,96.94,1100.35,2779.95,24475.38,218.3590319,7.441,False,2,2011,6,0,0,0,0,0
31,2011-09-12,41.44,3.158,2876.83,11.87,471.16,1915.49,11604.37,218.605037,7.441,False,9,2011,37,0,0,0,0,0
31,2012-06-01,48.1,3.157,6105.78,25953.41,91.69,1254.6,6256.02,219.355063,7.057,False,6,2012,22,0,0,0,0,0
31,2012-03-02,55.83,3.36,60394.73,2578.65,128.54,33529.14,7737.46,219.8118854,7.057,False,3,2012,9,0,0,0,0,0
31,2012-10-02,46.52,3.409,16946.96,3789.56,83.24,11187.79,8316.25,219.9049073,7.057,True,10,2012,40,0,0,0,0,0
31,2012-02-03,59.3,3.63,21236.34,1039.56,26.38,11668.85,7948.31,220.4866886,7.057,False,2,2012,5,0,0,0,0,0
31,2012-09-03,57.16,3.669,6284.13,768.91,2.69,1051.13,8527.38,220.6974332,7.057,False,9,2012,36,0,0,0,0,0
31,2012-06-04,69.02,3.891,12625.17,399.0,21.86,3623.01,16629.1,221.0737638,6.891,False,6,2012,23,0,0,0,0,0
31,2012-06-07,85.26,3.227,6801.13,1.95,36.15,3120.41,3975.98,221.5215064,6.565,False,6,2012,23,0,0,0,0,0
31,2012-03-08,91.57,3.417,22694.34,15.96,76.19,14090.47,8759.63,221.5869799,6.565,False,3,2012,10,0,0,0,0,0
31,2012-10-08,89.57,3.494,15098.61,18.96,57.04,4709.17,6169.55,221.5954138,6.565,False,10,2012,41,0,0,0,0,0
31,2012-07-09,88.4,3.73,13401.91,61.94,511.63,2215.91,3508.73,222.0747635,6.565,True,7,2012,28,0,0,0,0,0
31,2012-02-11,56.96,3.386,15868.72,5131.81,35.36,10973.65,10430.56,223.0968655,6.17,False,2,2012,6,0,0,0,0,0
31,2012-09-11,63.81,3.314,6512.13,4691.45,27.06,605.63,4158.58,223.1153944,6.17,False,9,2012,37,0,0,0,0,0
31,2013-04-01,39.19,3.161,5388.03,36215.68,16.55,46.84,4363.17,223.7137989,6.237,False,4,2013,14,0,0,0,0,0
31,2013-11-01,47.52,3.243,4170.11,23890.49,1.43,593.56,7625.62,223.8342663,6.237,False,11,2013,44,0,0,0,0,0
31,2013-01-02,55.38,3.244,7274.06,1251.26,241.2,17456.21,6309.5,223.8691966,6.237,False,1,2013,1,0,0,0,0,0
31,2013-08-02,57.87,3.417,65757.57,952.29,188.33,37419.47,6328.43,223.8693849,6.237,True,8,2013,31,0,0,0,0,0
31,2013-01-03,46.28,3.711,9223.83,276.82,10.8,155.46,6554.7,224.198735,6.237,False,1,2013,1,0,0,0,0,0
31,2013-08-03,52.76,3.658,20026.11,158.49,94.54,4008.08,6719.43,224.3427668,6.237,False,8,2013,31,0,0,0,0,0
31,2013-05-04,58.8,3.583,18894.06,3226.56,351.03,405.82,6611.59,224.7192583,6.112,False,5,2013,18,0,0,0,0,0
31,2013-12-04,61.27,3.529,4766.17,3167.97,81.5,196.65,2507.11,224.8025314,6.112,False,12,2013,49,0,0,0,0,0
32,2011-11-11,38.1,3.505,21104.84,7842.47,47.56,3908.03,4246.86,195.6376941,8.513,False,11,2011,45,0,0,0,0,0
32,2011-02-12,33.8,3.378,5261.51,65.0,1075.86,4742.55,25961.21,195.8223287,8.513,False,2,2011,6,0,0,0,0,0
32,2011-09-12,17.94,3.331,6397.72,63.0,303.02,2813.68,9856.66,195.8742575,8.513,False,9,2011,37,0,0,0,0,0
32,2012-06-01,36.75,3.095,4323.27,33209.84,208.29,1848.9,6197.53,196.5458309,8.256,False,6,2012,22,0,0,0,0,0
32,2012-03-02,35.89,3.031,31506.24,4740.74,306.03,42702.46,7920.93,196.8728921,8.256,False,3,2012,9,0,0,0,0,0
32,2012-10-02,23.34,3.103,19784.57,9309.88,225.85,29483.81,5473.82,196.9195056,8.256,True,10,2012,40,0,0,0,0,0
32,2012-02-03,33.4,3.191,11929.81,4330.7,10.1,14296.7,2785.63,196.9565303,8.256,False,2,2012,5,0,0,0,0,0
32,2012-09-03,39.9,3.286,16322.3,1206.5,4.97,17697.9,4305.36,196.9631599,8.256,False,9,2012,36,0,0,0,0,0
32,2012-01-06,62.84,3.764,8570.33,55.0,181.13,669.55,2634.77,197.6218954,8.09,False,1,2012,1,0,0,0,0,0
32,2012-08-06,71.14,3.741,8483.84,361.8,77.99,1640.0,6841.59,197.6551863,8.09,False,8,2012,32,0,0,0,0,0
32,2012-06-07,78.68,3.646,6157.85,472.3,28.64,3908.86,6007.28,197.8322195,7.872,False,6,2012,23,0,0,0,0,0
32,2012-03-08,75.09,3.528,35187.83,150.85,13.81,7768.33,4009.95,198.0293893,7.872,False,3,2012,10,0,0,0,0,0
32,2012-10-08,75.93,3.509,9862.83,573.37,61.32,7871.42,4298.69,198.0795651,7.872,False,10,2012,41,0,0,0,0,0
32,2012-07-09,72.56,3.596,7271.43,172.04,233.55,916.85,3089.99,198.0950484,7.872,True,7,2012,28,0,0,0,0,0
32,2012-02-11,46.32,3.604,11156.55,5943.82,24.22,441.71,-37.02,199.2908671,7.557,False,2,2012,6,0,0,0,0,0
32,2012-09-11,46.36,3.545,8377.17,9725.0,0.15,3508.39,4421.85,199.3622024,7.557,False,9,2012,37,0,0,0,0,0
32,2013-04-01,21.31,3.034,1947.76,27957.18,23.69,73.14,4182.06,200.3940829,7.107,False,4,2013,14,0,0,0,0,0
32,2013-11-01,32.5,2.957,3554.32,14035.48,8.77,226.05,2442.72,200.6190912,7.107,False,11,2013,44,0,0,0,0,0
32,2013-01-02,33.21,2.998,3988.51,1629.18,162.66,3208.28,2010.95,200.8919355,7.107,False,1,2013,1,0,0,0,0,0
32,2013-08-02,37.11,3.214,56454.69,1169.35,878.08,44739.28,4350.8,200.968772,7.107,True,8,2013,31,0,0,0,0,0
32,2013-01-03,25.8,3.638,6491.48,509.13,5.04,498.37,2620.48,201.1548374,7.107,False,1,2013,1,0,0,0,0,0
32,2013-08-03,37.18,3.624,13334.38,151.64,99.18,8057.88,2985.64,201.2122297,7.107,False,8,2013,31,0,0,0,0,0
32,2013-05-04,47.4,3.633,22162.59,6248.49,314.14,2506.81,3833.35,201.1131902,6.953,False,5,2013,18,0,0,0,0,0
32,2013-12-04,38.7,3.642,5953.33,2070.79,73.56,2813.35,1504.57,201.0705712,6.953,False,12,2013,49,0,0,0,0,0
34,2011-11-11,41.04,3.286,10860.98,6524.97,65.95,4082.99,4814.43,129.8167097,10.148,False,11,2011,45,0,0,0,0,0
34,2011-02-12,39.75,3.176,4611.57,70.94,1109.59,1307.67,17316.01,129.8459667,10.148,False,2,2011,6,0,0,0,0,0
34,2011-09-12,24.69,3.153,3131.47,3.0,127.58,479.79,4102.57,129.8555333,10.148,False,9,2011,37,0,0,0,0,0
34,2012-06-01,36.39,3.158,5998.79,18094.69,104.92,351.55,2890.32,130.1575161,9.653,False,6,2012,22,0,0,0,0,0
34,2012-03-02,38.64,3.354,24118.77,1767.26,91.24,14240.58,3833.23,130.3496774,9.653,False,3,2012,9,0,0,0,0,0
34,2012-10-02,36.7,3.411,16191.24,4394.52,58.87,11972.11,6375.39,130.3849032,9.653,True,10,2012,40,0,0,0,0,0
34,2012-02-03,42.74,3.619,9511.41,469.84,2.8,6593.25,4281.12,130.6457931,9.653,False,2,2012,5,0,0,0,0,0
34,2012-08-06,75.35,3.433,6967.19,85.4,0.37,1251.49,10377.32,130.8896774,9.575,False,8,2012,32,0,0,0,0,0
34,2012-06-07,77.95,3.187,6438.2,174.8,103.13,2529.03,3839.19,130.7196333,9.285,False,6,2012,23,0,0,0,0,0
34,2012-03-08,78.93,3.374,9386.73,45.0,37.88,4384.73,4169.76,130.737871,9.285,False,3,2012,10,0,0,0,0,0
34,2012-10-08,78.26,3.476,9297.06,12.0,8.3,4250.64,2103.48,130.7561613,9.285,False,10,2012,41,0,0,0,0,0
34,2012-07-09,78.26,3.709,8791.04,-5.98,25.77,3473.34,1789.37,130.9325484,9.285,True,7,2012,28,0,0,0,0,0
34,2012-02-11,50.91,3.404,3189.15,2375.99,31.62,1270.88,2705.65,131.2362258,8.839,False,2,2012,6,0,0,0,0,0
34,2012-09-11,52.98,3.337,3011.99,3814.03,19.4,882.67,5821.12,131.2793548,8.839,False,9,2012,37,0,0,0,0,0
34,2013-04-01,31.25,3.177,808.67,13892.52,6.44,98.08,2086.66,131.852,8.934,False,4,2013,14,0,0,0,0,0
34,2013-11-01,37.6,3.235,1077.02,9401.61,4.94,622.64,2815.19,131.957,8.934,False,11,2013,44,0,0,0,0,0
34,2013-01-02,48.03,3.232,5918.59,1407.51,164.9,8176.89,2384.57,132.1537097,8.934,False,1,2013,1,0,0,0,0,0
34,2013-08-02,47.63,3.401,34577.87,883.45,289.34,18578.87,4259.63,132.215129,8.934,True,8,2013,31,0,0,0,0,0
34,2013-01-03,43.51,3.694,5182.14,401.81,1.2,13.92,3020.54,132.3675714,8.934,False,1,2013,1,0,0,0,0,0
34,2013-08-03,53.69,3.647,15754.81,34.78,57.59,2173.94,3394.71,132.4150714,8.934,False,8,2013,31,0,0,0,0,0
34,2013-05-04,58.4,3.552,8593.42,3307.23,517.21,1022.91,2517.62,132.6537742,8.796,False,5,2013,18,0,0,0,0,0
34,2013-12-04,61.46,3.504,2754.02,1614.39,63.54,365.69,10014.8,132.7160968,8.796,False,12,2013,49,0,0,0,0,0
35,2011-11-11,49.69,3.53,22242.79,13392.67,1134.49,2951.74,5421.27,140.4111613,8.745,False,11,2011,45,0,0,0,0,0
35,2012-06-01,35.8,3.422,5956.88,13987.28,24.73,1685.24,6269.59,140.6461359,8.744,False,6,2012,22,0,0,0,0,0
35,2012-03-02,42.52,3.617,62567.6,3718.52,41.68,40201.38,4130.12,141.0161924,8.744,False,3,2012,9,0,0,0,0,0
35,2012-10-02,37.86,3.64,11865.12,4373.03,23.69,11941.36,8357.61,141.1199827,8.744,True,10,2012,40,0,0,0,0,0
35,2012-02-03,40.07,3.816,31880.88,1775.2,84.02,26264.78,1609.25,141.3875357,8.744,False,2,2012,5,0,0,0,0,0
35,2012-09-03,44.32,3.848,16514.65,344.55,68.3,2596.73,2245.26,141.4742857,8.744,False,9,2012,36,0,0,0,0,0
35,2012-08-06,64.05,3.689,6984.56,44.0,287.97,851.39,5482.29,142.1158099,8.876,False,8,2012,32,0,0,0,0,0
35,2012-06-07,82.08,3.475,7808.9,7.0,47.5,6948.28,6443.45,142.2234298,8.839,False,6,2012,23,0,0,0,0,0
35,2012-02-11,54.44,3.787,9427.41,3322.67,31.3,3119.64,1982.11,142.6614597,8.665,False,2,2012,6,0,0,0,0,0
35,2012-09-11,41.06,3.771,17908.37,15471.05,34.52,5265.54,3391.48,142.5605081,8.665,False,9,2012,37,0,0,0,0,0
35,2013-04-01,32.23,3.592,4130.71,27550.99,13.58,641.42,3316.54,142.6019205,8.6,False,4,2013,14,0,0,0,0,0
35,2013-11-01,39.49,3.611,3821.57,15278.75,8.72,623.03,1695.26,142.6653157,8.6,False,11,2013,44,0,0,0,0,0
35,2013-01-02,34.17,3.615,30103.32,1530.12,38.3,52850.8,5978.13,142.8680657,8.6,False,1,2013,1,0,0,0,0,0
35,2013-08-02,28.67,3.753,88750.34,843.99,1172.94,46503.81,3298.91,142.9360899,8.6,True,8,2013,31,0,0,0,0,0
35,2013-01-03,39.9,3.89,11748.39,404.61,4.98,54.65,2250.11,142.9600459,8.6,False,1,2013,1,0,0,0,0,0
35,2013-08-03,36.11,3.86,38288.52,133.06,16.03,8557.22,2845.18,142.9492691,8.6,False,8,2013,31,0,0,0,0,0
35,2013-05-04,43.78,3.763,16622.2,4235.77,256.0,3441.18,1021.09,143.1550899,8.36,False,5,2013,18,0,0,0,0,0
35,2013-12-04,53.28,3.724,4828.15,4850.29,-44.54,878.64,1098.99,143.2200737,8.36,False,12,2013,49,0,0,0,0,0
36,2012-03-02,61.33,3.421,1786.27,1.5,2.62,2.5,1373.38,218.8619099,7.244,False,3,2012,9,0,0,0,0,0
37,2012-03-02,61.33,3.36,1416.62,11.62,93.34,132.22,1757.37,218.8619099,7.244,False,3,2012,9,0,0,0,0,0
37,2013-08-02,62.46,3.417,2540.27,11.11,7.64,286.85,2605.56,222.9084557,6.266,True,8,2013,31,0,0,0,0,0
38,2012-03-02,50.58,3.702,2428.47,6.57,52.66,161.71,2606.06,130.3496774,12.187,False,3,2012,9,0,0,0,0,0
38,2012-10-02,52.27,3.722,518.25,11.21,37.01,3.97,1200.97,130.3849032,12.187,True,10,2012,40,0,0,0,0,0
38,2012-02-03,52.27,4.178,1895.3,5.9,3.93,68.88,3186.15,130.6457931,12.187,False,2,2012,5,0,0,0,0,0
38,2012-09-11,65.31,3.951,478.58,860.47,1.0,0.78,1159.7,131.2793548,10.199,False,9,2012,37,0,0,0,0,0
38,2013-01-02,49.54,3.6,309.46,4.65,18.5,1.92,930.85,132.1537097,9.91,False,1,2013,1,0,0,0,0,0
38,2013-08-02,54.96,3.795,5631.57,6.14,7.34,34.21,1999.05,132.215129,9.91,True,8,2013,31,0,0,0,0,0
39,2011-11-11,63.11,3.297,8894.84,10678.05,342.83,2414.95,10590.23,216.7217373,7.716,False,11,2011,45,0,0,0,0,0
39,2011-02-12,53.14,3.172,2966.71,59.47,2100.01,3614.81,18646.29,217.4229206,7.716,False,2,2011,6,0,0,0,0,0
39,2012-06-01,55.83,3.157,4525.51,23319.85,120.18,117.6,9638.2,218.4062876,7.244,False,6,2012,22,0,0,0,0,0
39,2012-03-02,60.69,3.36,44153.98,1873.54,228.69,31484.58,24354.2,218.8619099,7.244,False,3,2012,9,0,0,0,0,0
39,2012-10-02,52.89,3.409,6997.37,1891.53,115.26,7093.82,9198.59,218.9551002,7.244,True,10,2012,40,0,0,0,0,0
39,2012-02-03,64.05,3.63,22838.35,998.95,7.2,5781.24,12907.82,219.5340975,7.244,False,2,2012,5,0,0,0,0,0
39,2012-09-03,61.64,3.669,5772.82,286.18,3.57,735.05,28766.27,219.7437314,7.244,False,9,2012,36,0,0,0,0,0
39,2012-01-06,80.33,3.501,8200.12,5.8,64.71,1772.73,9316.5,220.4322099,6.989,False,1,2012,1,0,0,0,0,0
39,2012-08-06,81.12,3.452,9356.4,351.8,0.24,1857.12,11870.68,220.4357073,6.989,False,8,2012,32,0,0,0,0,0
39,2012-06-07,81.05,3.227,11507.92,254.4,90.79,5163.63,108519.28,220.567112,6.623,False,6,2012,23,0,0,0,0,0
39,2012-03-08,84.05,3.417,25778.96,173.2,51.52,24900.66,4573.34,220.6319358,6.623,False,3,2012,10,0,0,0,0,0
39,2012-10-08,83.47,3.494,13884.35,122.0,112.9,4259.15,10223.2,220.6404663,6.623,False,10,2012,41,0,0,0,0,0
39,2012-07-09,83.71,3.73,22865.19,31.76,197.48,1883.05,10351.49,221.1181142,6.623,True,7,2012,28,0,0,0,0,0
39,2012-02-11,59.87,3.386,9892.4,5275.34,78.2,3803.94,6234.92,222.1321414,6.228,False,2,2012,6,0,0,0,0,0
39,2012-09-11,66.37,3.314,18333.07,6960.72,1.18,3460.54,6471.54,222.1506262,6.228,False,9,2012,37,0,0,0,0,0
39,2013-04-01,47.76,3.161,3231.14,18071.9,11.28,1.47,14160.74,222.7442661,6.266,False,4,2013,14,0,0,0,0,0
39,2013-11-01,53.33,3.243,4903.75,13676.23,-17.44,245.14,22400.65,222.8644203,6.266,False,11,2013,44,0,0,0,0,0
39,2013-01-02,63.7,3.244,12983.77,1306.14,456.58,14007.38,11693.89,222.9058427,6.266,False,1,2013,1,0,0,0,0,0
39,2013-08-02,62.72,3.417,66099.34,744.18,104.98,32731.31,9876.41,222.9084557,6.266,True,8,2013,31,0,0,0,0,0
39,2013-01-03,54.16,3.711,14296.67,865.25,7.2,673.89,6867.11,223.2379794,6.266,False,1,2013,1,0,0,0,0,0
39,2013-08-03,55.67,3.658,27695.5,281.91,110.23,8238.98,9691.72,223.3813294,6.266,False,8,2013,31,0,0,0,0,0
39,2013-05-04,63.99,3.583,20798.67,2696.7,274.31,1356.96,17474.76,223.7540794,6.143,False,5,2013,18,0,0,0,0,0
39,2013-12-04,65.84,3.529,8616.47,1160.76,39.16,1756.13,2483.51,223.836362,6.143,False,12,2013,49,0,0,0,0,0
40,2011-11-11,40.75,3.57,10215.77,4613.06,191.71,3200.57,4230.85,136.4618065,4.42,False,11,2011,45,0,0,0,0,0
40,2011-02-12,38.51,3.501,3966.04,23.47,2363.99,1455.15,15828.62,136.4909333,4.42,False,2,2011,6,0,0,0,0,0
40,2011-09-12,34.48,3.47,7081.76,48.0,94.05,1757.4,6850.25,136.5030667,4.42,False,9,2011,37,0,0,0,0,0
40,2012-06-01,23.29,3.439,3737.24,20629.4,169.85,954.18,4508.45,136.698129,4.261,False,6,2012,22,0,0,0,0,0
40,2012-03-02,27.86,3.633,37980.28,2731.05,108.41,23597.14,5940.88,137.0632581,4.261,False,3,2012,9,0,0,0,0,0
40,2012-10-02,23.92,3.655,10333.24,3700.62,66.01,11804.09,7697.87,137.1666774,4.261,True,10,2012,40,0,0,0,0,0
40,2012-09-03,30.58,3.876,12923.38,404.23,0.4,7062.19,3420.25,137.5066897,4.261,False,9,2012,36,0,0,0,0,0
40,2012-01-06,64.75,3.798,4641.39,30.6,50.93,420.22,1627.19,138.1138065,4.125,False,1,2012,1,0,0,0,0,0
40,2012-08-06,55.78,3.746,7338.72,324.8,44.64,2067.65,7482.97,138.1174194,4.125,False,8,2012,32,0,0,0,0,0
40,2012-06-07,69.08,3.538,6364.53,277.2,62.07,2574.7,5230.46,138.2296333,4.156,False,6,2012,23,0,0,0,0,0
40,2012-03-08,70.15,3.698,17749.81,377.88,6.36,8303.08,2209.27,138.1735806,4.156,False,3,2012,10,0,0,0,0,0
40,2012-10-08,70.09,3.772,10965.65,130.69,0.32,4849.39,2266.63,138.1437742,4.156,False,10,2012,41,0,0,0,0,0
40,2012-02-11,52.38,3.817,4763.33,9515.27,46.06,1439.36,1495.99,138.6227097,4.145,False,2,2012,6,0,0,0,0,0
40,2013-11-01,22.49,3.595,1271.06,12491.04,2.5,34.25,1155.19,138.6079032,3.932,False,11,2013,44,0,0,0,0,0
40,2013-01-02,19.64,3.608,7317.46,727.29,244.4,10942.11,4768.43,138.7966129,3.932,False,1,2013,1,0,0,0,0,0
40,2013-08-02,15.44,3.755,39257.29,615.07,131.92,25676.37,2592.77,138.8598387,3.932,True,8,2013,31,0,0,0,0,0
40,2013-08-03,30.77,3.868,10872.53,124.06,23.11,1415.75,2725.28,138.8524286,3.932,False,8,2013,31,0,0,0,0,0
40,2013-05-04,35.59,3.772,14110.29,5571.32,189.13,785.63,3892.09,139.0569032,3.684,False,5,2013,18,0,0,0,0,0
40,2013-12-04,39.15,3.723,4934.33,3183.26,16.53,351.45,2203.32,139.1226129,3.684,False,12,2013,49,0,0,0,0,0
41,2011-11-11,32.87,3.505,17118.58,14927.3,309.49,8187.22,4925.08,195.6376941,6.759,False,11,2011,45,0,0,0,0,0
41,2011-02-12,34.53,3.378,4594.56,305.47,1781.24,3168.1,21739.26,195.8223287,6.759,False,2,2011,6,0,0,0,0,0
41,2011-09-12,17.05,3.331,2782.39,120.0,141.21,1946.76,9503.64,195.8742575,6.759,False,9,2011,37,0,0,0,0,0
41,2012-06-01,37.21,3.095,6453.63,22866.83,126.87,2582.41,4266.94,196.5458309,6.589,False,6,2012,22,0,0,0,0,0
41,2012-03-02,31.65,3.031,42353.77,4696.86,231.92,46238.28,6379.49,196.8728921,6.589,False,3,2012,9,0,0,0,0,0
41,2012-10-02,22.0,3.103,8123.92,7618.89,127.05,13453.73,8066.43,196.9195056,6.589,True,10,2012,40,0,0,0,0,0
41,2012-02-03,27.39,3.191,11028.34,3211.73,21.0,15693.13,1736.73,196.9565303,6.589,False,2,2012,5,0,0,0,0,0
41,2012-09-03,35.3,3.286,15255.04,285.89,7.74,3203.61,3889.43,196.9631599,6.589,False,9,2012,36,0,0,0,0,0
41,2012-01-06,57.29,3.764,9160.25,-2.0,127.56,1850.68,2652.68,197.6218954,6.547,False,1,2012,1,0,0,0,0,0
41,2012-08-06,65.11,3.741,10245.25,527.4,78.07,749.73,5117.87,197.6551863,6.547,False,8,2012,32,0,0,0,0,0
41,2012-06-07,74.47,3.646,7791.47,306.7,31.44,4856.67,4087.29,197.8322195,6.432,False,6,2012,23,0,0,0,0,0
41,2012-03-08,73.16,3.528,40493.45,83.46,44.56,23826.2,3666.08,198.0293893,6.432,False,3,2012,10,0,0,0,0,0
41,2012-10-08,71.73,3.509,11523.22,78.18,6.43,5132.4,2667.3,198.0795651,6.432,False,10,2012,41,0,0,0,0,0
41,2012-07-09,67.41,3.596,10220.45,22.8,145.19,4361.36,3187.05,198.0950484,6.432,True,7,2012,28,0,0,0,0,0
41,2012-02-11,44.81,3.604,10766.99,8427.74,24.82,3695.23,3311.74,199.2908671,6.195,False,2,2012,6,0,0,0,0,0
41,2012-09-11,45.53,3.545,10649.25,15810.18,7.84,2337.29,3043.82,199.3622024,6.195,False,9,2012,37,0,0,0,0,0
41,2013-04-01,19.21,3.034,1966.26,28719.98,27.41,21.5,8718.49,200.3940829,5.771,False,4,2013,14,0,0,0,0,0
41,2013-11-01,29.97,2.957,4403.27,14675.4,8.12,248.44,6038.72,200.6190912,5.771,False,11,2013,44,0,0,0,0,0
41,2013-01-02,30.86,2.998,19679.74,1148.08,412.8,30618.76,6293.68,200.8919355,5.771,False,1,2013,1,0,0,0,0,0
41,2013-08-02,33.99,3.214,65739.82,644.1,420.98,63830.91,7392.57,200.968772,5.771,True,8,2013,31,0,0,0,0,0
41,2013-01-03,23.33,3.638,6203.97,290.98,10.2,75.33,3151.57,201.1548374,5.771,False,1,2013,1,0,0,0,0,0
41,2013-08-03,34.86,3.624,10496.65,152.6,124.61,4403.94,4229.86,201.2122297,5.771,False,8,2013,31,0,0,0,0,0
41,2013-05-04,42.11,3.633,13759.98,3991.47,512.33,2068.7,3856.26,201.1131902,5.639,False,5,2013,18,0,0,0,0,0
41,2013-12-04,31.48,3.642,12631.38,2593.27,80.69,3004.98,5224.39,201.0705712,5.639,False,12,2013,49,0,0,0,0,0
42,2012-03-02,56.85,3.543,1351.16,17.81,15.97,263.92,1415.88,130.3496774,7.545,False,3,2012,9,0,0,0,0,0
42,2012-09-03,57.65,3.963,392.63,1.0,3.43,2.8,798.38,130.7413793,7.545,False,9,2012,36,0,0,0,0,0
42,2013-04-01,45.01,3.339,1012.98,1074.51,8.0,44.46,635.88,131.852,6.897,False,4,2013,14,0,0,0,0,0
42,2013-08-02,57.25,3.795,1174.58,141.05,30.8,20.83,949.69,132.215129,6.897,True,8,2013,31,0,0,0,0,0
43,2012-03-02,51.92,3.36,1702.1,33.56,51.66,152.82,2211.81,211.6762005,9.653,False,3,2012,9,0,0,0,0,0
43,2013-01-02,48.3,3.244,304.02,18.1,48.7,3.0,1554.87,215.5436567,8.934,False,1,2013,1,0,0,0,0,0
43,2013-08-02,54.94,3.417,1952.91,11.49,31.11,276.1,789.82,215.5503986,8.934,True,8,2013,31,0,0,0,0,0
43,2013-12-04,65.37,3.529,504.79,280.62,5.15,1.74,714.19,216.4430576,8.796,False,12,2013,49,0,0,0,0,0
44,2012-09-03,38.24,3.38,2456.13,1.5,0.49,28.06,691.4,130.7413793,5.774,False,9,2012,36,0,0,0,0,0
45,2011-11-11,47.65,3.53,23052.25,5449.62,189.24,3355.69,3864.6,188.0632345,8.523,False,11,2011,45,0,0,0,0,0
45,2011-02-12,50.19,3.452,6835.61,120.76,802.79,2490.15,17861.5,188.5024346,8.523,False,2,2011,6,0,0,0,0,0
45,2011-09-12,46.57,3.415,6176.69,2.87,379.57,1593.44,10170.5,188.6544692,8.523,False,9,2011,37,0,0,0,0,0
45,2012-06-01,35.88,3.422,7328.14,33378.79,34.6,1198.48,6819.1,189.1940558,8.424,False,6,2012,22,0,0,0,0,0
45,2012-03-02,42.96,3.617,35348.47,4373.64,21.05,38157.91,5908.5,189.6122277,8.424,False,3,2012,9,0,0,0,0,0
45,2012-10-02,37.0,3.64,15760.3,6113.95,5.43,5656.35,4685.58,189.7076048,8.424,True,10,2012,40,0,0,0,0,0
45,2012-02-03,41.55,3.816,22832.38,2515.25,4.0,13317.88,2560.48,190.1714927,8.424,False,2,2012,5,0,0,0,0,0
45,2012-09-03,45.52,3.848,11139.34,678.08,1.99,3267.21,4971.47,190.3359973,8.424,False,9,2012,36,0,0,0,0,0
45,2012-01-06,74.48,3.742,10643.62,48.2,201.56,2599.35,1856.97,191.0091712,8.567,False,1,2012,1,0,0,0,0,0
45,2012-08-06,64.3,3.689,8429.61,148.6,76.15,1465.54,7180.97,191.0155329,8.567,False,8,2012,32,0,0,0,0,0
45,2012-06-07,82.99,3.475,5878.09,169.0,64.36,2996.47,5477.04,191.1338827,8.684,False,6,2012,23,0,0,0,0,0
45,2012-03-08,76.58,3.654,24853.05,39.56,17.96,11142.69,2768.32,191.16409,8.684,False,3,2012,10,0,0,0,0,0
45,2012-10-08,78.65,3.722,17868.84,50.6,57.66,2593.93,1890.59,191.1626135,8.684,False,10,2012,41,0,0,0,0,0
45,2012-07-09,75.7,3.911,11024.45,12.8,52.63,1854.77,2055.7,191.5776756,8.684,True,7,2012,28,0,0,0,0,0
45,2012-02-11,52.45,3.787,11069.0,6937.91,47.57,7926.2,1362.22,192.2869435,8.667,False,2,2012,6,0,0,0,0,0
45,2012-09-11,41.2,3.771,2605.32,13041.23,17.84,640.33,2016.71,192.2649882,8.667,False,9,2012,37,0,0,0,0,0
45,2013-04-01,32.87,3.592,1341.33,30325.14,8.93,35.85,3682.17,192.6596222,8.625,False,4,2013,14,0,0,0,0,0
45,2013-11-01,38.78,3.611,3877.36,15559.85,3.81,152.18,2403.14,192.7599801,8.625,False,11,2013,44,0,0,0,0,0
45,2013-01-02,34.92,3.615,14508.96,1092.53,827.9,26424.02,700.93,192.8678952,8.625,False,1,2013,1,0,0,0,0,0
45,2013-08-02,28.99,3.753,53311.88,531.33,78.26,24823.94,3233.44,192.8970893,8.625,True,8,2013,31,0,0,0,0,0
45,2013-01-03,39.72,3.89,6614.32,147.82,5.6,27.55,1668.95,193.1221731,8.625,False,1,2013,1,0,0,0,0,0
45,2013-08-03,36.13,3.86,16382.54,88.67,34.62,3096.92,3486.91,193.211524,8.625,False,8,2013,31,0,0,0,0,0
45,2013-05-04,43.94,3.763,16427.83,5341.41,182.59,1523.83,1743.09,193.5160471,8.335,False,5,2013,18,0,0,0,0,0
45,2013-12-04,57.39,3.724,8760.15,1713.11,21.08,1302.31,1380.74,193.589304,8.335,False,12,2013,49,0,0,0,0,0
